country_name,un_class_2014,imf_class_2023,g7,eu_member,fuel_exp_country,wealth_rank,ISO2,ISO3,1980,1981,1982,1983,1984,1985,1986,1987,1988,1989,1990,1991,1992,1993,1994,1995,1996,1997,1998,1999,2000,2001,2002,2003,2004,2005,2006,2007,2008,2009,2010,2011,2012,2013,2014,2015,2016,2017,2018,2019,2020,2021,2022,2023,2024,2025,2026,2027,2028,2029
Luxembourg,Developed,Advanced,False,True,False,1.0,LU,LUX,15915.377,17507.306,18766.959,19869.758,21542.899,23422.975,26158.684,27685.657,30821.766,34824.128,37620.916,41687.986,42827.453,45041.45,47075.112,48522.074,49440.169,52601.357,55948.196,60754.816,66412.5,69134.633,71657.348,74266.589,78319.784,81667.933,87748.443,95972.293,95993.23,91620.212,94572.598,95683.387,97749.702,102120.165,106564.111,109154.529,114497.537,116621.216,118473.079,121573.272,119676.861,132314.409,141211.914,141380.017,143742.69,147576.313,151125.669,154493.172,157899.307,161389.081
Singapore,Developing,Advanced,False,False,False,2.0,SG,SGP,9479.761,10959.236,11927.765,13281.537,14690.476,15040.081,15563.615,17407.726,19549.045,21732.018,23815.031,25530.38,27021.883,30062.107,33057.588,35090.029,36872.709,39286.414,37559.643,39948.784,43781.279,43109.045,45083.251,48778.249,54383.642,58821.725,64060.631,68805.058,67735.223,66212.815,75400.453,80052.391,82064.961,83001.788,84423.191,86974.748,89501.716,95329.781,100470.226,102352.823,100002.702,119608.74,128617.354,128349.16,133737.469,138289.595,143475.488,148695.136,154057.515,159890.43
Ireland,Developed,Advanced,False,True,False,3.0,IE,IRL,7362.897,8160.256,8701.513,8914.814,9465.023,9923.553,10164.537,10777.706,11543.73,12746.443,14258.101,14897.77,15654.825,16306.781,17578.585,19584.681,21607.655,24088.759,26216.98,29057.944,32044.639,33972.302,35911.331,37114.139,39920.249,42497.506,44705.904,47006,45043.854,42717.302,43762.277,45072.58,46230.701,47727.674,51132.925,69056.863,71163.557,78202.024,85698.451,90570.993,96991.854,115726.587,132219.1,130915.195,133895.315,138081.418,142641.311,147366.316,152256.908,157504.498
Norway,Developed,Advanced,False,False,False,4.0,NO,NOR,14854.53,16460.606,17453.251,18803.274,20603.78,22363.724,23651.879,24520.357,25185.957,26367.695,27773.391,29430.842,30994.752,32439.067,34617.835,36630.803,38973.998,41546.46,42869.852,44052.255,46261.186,48081.96,49198.129,50359.674,53482.604,56242.175,58894.187,61596.539,62223.848,60687.228,61082.434,62209.636,65518.95,67157.438,66085.266,60557.792,59075.048,63310.252,64884.733,66306.043,65980.681,71298.094,77749.326,80143.731,82831.777,85397.393,87958.126,90493.648,92934.289,95484.561
Qatar,Developing,Emerging,False,False,True,5.0,QA,QAT,85157.191,82692.908,74837.635,68715.494,77417.53,65759.417,66238.292,65713.996,68453.778,72099.374,54634.315,54634.179,61140.014,61730.198,63861.043,64645.232,67097.038,84389.443,90518.643,91630.415,96579.042,100141.592,105592.159,106798.577,119837.34,116875.806,130959.031,133474.841,118563.959,127890.222,145619.694,163740.318,169698.495,161194.263,143222.077,97846.475,84268.877,91742.857,93779.223,94670.892,91383.119,100150.402,104691.702,108569.918,112282.917,115958.887,124459.045,135722.494,142323.394,146641.277
United Arab Emirates,Transition,Advanced,False,False,True,6.0,AE,ARE,88437.377,96016.452,88959.911,84695.023,84660.551,80816.791,63784.938,66079.187,55822.573,64611.704,83542.06,84424.103,85364.834,84588.64,86710.919,87310.315,92481.941,96712.968,89815.996,88370.274,102795.333,100792.038,99151.237,103749.001,110212.863,109161.827,101258.391,86492.459,70074.954,65780.84,69554.632,74235.253,76069.871,76670.867,79191.687,69533.582,67895.838,69377,71418.55,72364.516,71347.173,75623.915,86600.591,92073.863,96845.849,101884.724,107437.487,113430.814,119904.977,126901.672
Switzerland,Developed,Advanced,False,False,False,7.0,CH,CHE,18094.09,20030.599,20858.191,21680.162,23086.836,24594.041,25435.661,26313.792,27947.568,30087.609,32110.511,32484.229,32759.429,33172.325,34021.135,34681.015,35258.617,36572.274,37988.682,39001.417,41292.689,42703.596,42992.588,43460.503,45449.362,47878.298,51106.201,54181.802,56086.66,54351.645,56163.113,57790.504,59751.312,62058.508,63811.096,65613.767,67690.604,68924.081,71966.628,73492.548,72255.288,79058.938,86195.048,89243.299,91931.752,94148.235,96922.343,99193.694,102122.2,104538.416
United States,Developed,Advanced,True,False,False,8.0,US,USA,12552.943,13948.701,14404.994,15513.679,17086.441,18199.32,19034.766,20000.968,21375.999,22814.077,23847.977,24302.776,25392.931,26364.192,27674.021,28671.48,29946.973,31440.087,32833.666,34496.241,36312.782,37101.453,37945.761,39405.354,41641.617,44034.256,46216.853,47943.353,48470.553,47102.428,48586.288,50008.108,51736.738,53363.904,55263.817,57006.926,58179.697,60292.978,63165.278,65504.783,64367.435,70995.794,77191.871,81632.253,85372.686,87978.472,90902.779,94011.701,97230.612,100579.865
Denmark,Developed,Advanced,False,True,False,9.0,DK,DNK,11870.403,12903.099,14217.803,15165.747,16382.477,17580.82,18794.667,19277.273,19938.168,20850.902,21925.687,22934.544,23844.267,24324.105,26086.773,27339.921,28456.6,29754.413,30640.098,31877.18,33716.946,34635.081,35211.641,35944.828,37796.851,39793.385,42499.139,43888.025,44271.622,42085.533,43209.994,44482.796,44892.724,46829.474,48039.691,49264.513,52159.798,55673.456,57756.731,59347.209,58506.019,65183.281,71270.648,74457.003,77641.097,79980.753,82442.294,84904.716,87414.197,90016.963
Netherlands,Developed,Advanced,False,True,False,10.0,NL,NLD,11708.456,12644.874,13182.334,13887.145,14780.3,15588.563,16314.169,16927.925,18204.097,19645.037,21107.205,22180.483,22865.652,23532.309,24592.726,25666.442,26927.834,28443.199,29938.216,31675.181,33532.307,34815.296,35172.843,35730.071,37267.794,39108.875,41637.322,44313.971,46015.356,44383.672,45280.548,46703.305,47341.62,49314.469,49337.709,50418.735,52440.793,55509.264,57784.544,59553.142,57577.804,63698.299,70666.878,72403.026,74157.652,75988.234,78441.68,81008.526,83547.498,86078.424
Brunei Darussalam,Developing,Emerging,False,False,True,11.0,BN,BRN,,,,,,55629.715,54135.276,54776.013,55525.1,55947.004,57029.106,59159.474,61793.315,61988.95,63538.533,66313.308,67772.646,66306,64996.404,66341.782,68080.56,69795.15,72053.558,74234.643,75332.088,76646.564,81127.464,82213.015,81076.412,79061.748,80680.361,84000.997,88311.672,84019.147,81806.01,62921.9,56638.26,60719.948,60691.625,62051.271,64907.419,66968.05,70354.241,73944.518,77534.333,80889.602,84818.71,89060.239,93306.35,97794.271
Iceland,Developed,Advanced,False,False,False,12.0,IS,ISL,10927.823,12342.52,13222.939,13253.633,14126.349,14915.907,16063.716,17725.615,18082.151,18513.882,19288.476,19734.445,19213.272,19725.036,20662.391,20968.768,22246.248,23766.027,25565.174,26644.496,28264.294,29603.186,29892.385,30931.023,33993.618,36825.744,39509.669,42898.018,43587.348,39999.484,39553.983,41009.124,42154.444,44672.803,46239.206,49470.734,53942.986,56944.804,59326.099,59974.584,55439.8,60197.025,68767.743,71969.224,73783.627,75347.17,77173.45,79153.878,81371.043,83630.595
Austria,Developed,Advanced,False,True,False,14.0,AT,AUT,11227.428,12252.785,13241.502,14187.685,14746.938,15544.057,16211.203,16869.597,17609.941,18966.789,20396.045,21624.649,22325.711,22731.574,23636.165,24714.48,25735.783,26697.381,27933.685,29279.418,30879.088,31852.314,32719.493,33529.715,35151.337,36815.536,39059.115,41476.009,42756.597,41301.757,42471.985,44469.2,46477.668,47936.679,48813.542,49955.465,52659.772,54393.569,56540.403,58493.189,55072.187,59829.799,66774.366,67737.836,69460.357,71626.499,73783.709,75742.075,77637.911,79622.973
Belgium,Developed,Advanced,False,True,False,15.0,BE,BEL,10769.319,11745.455,12556.633,13084.474,13898.128,14567.495,15129.864,15853.02,17168.183,18363.863,19608.979,20562.828,21278.747,21474.284,22568.199,23521.075,24238.347,25523.26,26259.541,27516.608,29113.605,30025.183,30872.938,31667.558,33548.891,35236.866,37018.133,39146.686,39769.944,38892.173,40168.143,41082.422,42409.301,43755.157,45043.18,46365.188,48679.68,50726.554,52601.728,54411.517,51926.428,57865.465,63458.764,66021.367,68078.977,69885.662,71882.875,73881.679,76037.66,78212.718
Sweden,Developed,Advanced,False,True,False,16.0,SE,SWE,10532.246,12044.805,12960.776,13740.403,14833.794,15629.796,16372.413,17265.131,18218.038,19280.3,20002.8,20324.753,20480.009,20457.065,21539.493,22801.837,23567.381,24701.166,26036.145,27503.948,29396.724,30404.183,31443.275,32677.17,34872.302,36845.368,39466.894,41612.162,41887.775,39953.039,42504.793,44450.32,45258.806,46098.791,46936.61,48857.878,50061.576,52413.085,54071.819,55542.624,54780.504,60389.062,65925.776,67999.956,69176.512,71364.288,73712.387,76195.143,78745.18,81426.84
Germany,Developed,Advanced,True,True,False,17.0,DE,DEU,11130.82,12174.43,12834.005,13591.31,14538.529,15364.988,16042.2,16678.288,17803.042,19034.92,20484.734,21953.956,22735.626,22919.984,23911.733,24740.097,25349.207,26232.569,27084.639,27994.325,29447.337,30595.5,30985.365,31386.327,32649.004,33967.044,36422.938,38611.38,39845.176,37939.462,40106.53,42541.246,43359.405,44993.528,47011.283,47622.187,50574.22,53373.918,54968.445,56361.977,54874.622,59184.261,64030.984,65584.379,67244.697,69345.004,71713.772,73931.598,76015.04,78049.174
Australia,Developed,Advanced,False,False,False,18.0,AU,AUS,10483.55,11760.386,12290.854,12551.897,13659.26,14651.39,15086.27,15963.434,16927.364,18136.755,18841.016,19052.359,19787.305,20859.787,22121.091,22962.943,24042.53,25347.486,26558.491,27804.989,28973.103,30022.126,31399.879,32612.423,34488.586,36159.953,37670.786,39634.995,40548.971,40859.605,41778.455,43141.227,42930.921,46559.948,47026.225,46395.517,48056.078,49684.176,51465.546,52497.811,51834.682,56909.887,61956.014,64762.216,66626.631,68503.759,70589.334,72778.312,75058.948,77445.617
Bahrain,Developing,Emerging,False,False,True,19.0,BH,BHR,20779.529,22479.725,24508.461,26350.996,27517.775,27187.357,26919.197,26310.423,27857.631,28226.03,30046.356,30501.976,32874.359,35272.156,36216.784,36708.278,37592.052,38120.012,39366.824,41208.178,43925.5,44381.211,43352.465,43674.767,44530.446,45445.248,46157.93,47444.293,48255.965,46749.12,47123.716,50673.371,54489.154,54035.418,51938.108,45626.703,44833.968,47486.023,49533.73,52127.138,50757.418,53295.778,58376.025,60569.138,62671.201,64183.084,65491.543,66863.364,68262.098,69769.423
Saudi Arabia,Developing,Emerging,False,False,True,20.0,SA,SAU,49608.63,52718.906,42257.894,35107.104,33025.842,29268.439,33272.208,30317.98,33809.765,33292.677,37890.01,42797.925,44380.757,43692.711,43753.221,43646.068,44476.951,44599.709,45245.787,43055.238,45344.743,44659.246,42972.808,47528.901,51373.898,54539.726,56344.622,57466.605,60678.498,58300.604,58883.802,63745.965,64420.943,61410.326,61683.74,52913.368,49229.788,52488.208,56841.491,58687.547,54627.763,61529.918,67732.375,68305.269,70332.619,74358.014,77227.643,79843.528,82147.233,84964.238
Finland,Developed,Advanced,False,True,False,21.0,FI,FIN,9544.886,10546.674,11485.666,12232.92,13006.092,13824.098,14436.984,15274.721,16593.759,18064.048,18704.101,18110.803,17804.528,18012.791,19040.323,20176.406,21224.035,22888.322,24337.398,25701.322,27738.272,29047.818,29923.204,31057.265,33080.147,34952.864,37346.585,40227.527,41140.492,37867.35,39363.083,41015.786,40969.209,41587.16,41835.88,42569.551,44995.383,47621.51,49179.73,50573.533,49967.886,53659.584,58053.12,59425.181,60851.288,62985.133,65369.777,67727.929,70151.232,72628.827
Canada,Developed,Advanced,True,False,False,22.0,CA,CAN,11793.17,13191.969,13402.303,14141.328,15369.897,16454.994,16975.185,17877.62,19069.017,19934.636,20409.568,20396.836,20796.985,21606.032,22813.421,23668.852,24254.931,25472.784,26534.171,28066.493,29901.087,30821.909,31893.097,32802.213,34401.982,36274.68,37994.693,39436.833,40167.67,38790.119,40025.373,41716.28,42351.969,44362.647,45816.105,44704.519,46553.932,48688.51,50457.913,51524.041,48996.83,53635.208,58617.031,59712.336,60495.227,62173.726,63725.019,65233.071,66801.773,68441.329
Kuwait,Developing,Emerging,False,False,True,23.0,KW,KWT,,,,,,,,,,,,,,50724.413,50598.439,49071.446,47025.319,46478.367,47386.513,47530.524,51751.889,50920.777,50831.196,57788.633,60502.26,63538.594,66177.321,67451.065,69591.934,64262.277,61778.765,66969.985,72412.022,69420.99,63213.855,42735.81,40083.861,45834.153,46766.239,46646.106,45779.715,47736.78,53170.918,52823.157,52274.382,54136.619,55420.274,56792.88,58207.414,59675.853
Malta,Developed,Advanced,False,True,True,24.0,MT,MLT,5853.251,6522.8,6891.448,7083.522,7457.901,7811.749,8055.655,8664.149,9515.834,10489.19,11277.886,12024.771,13151.677,13854.585,14654.913,15850.742,16698.952,17669.954,18343.015,19194.018,19316.174,19386.635,20027.885,21113.298,21571.826,22841.073,23997.572,25785.303,27139.413,26793.889,28408.568,29062.601,30423.681,32560.229,34754.607,37922.113,40137.463,44868.046,47703.238,50079.515,44699.677,52442.799,60101.147,63230.452,67681.639,71277.448,74863.524,78553.813,82455.063,86548.502
France,Developed,Advanced,True,True,False,25.0,FR,FRA,10758.215,11836.481,12810.134,13399.267,14030.164,14638.716,15212.444,15911.121,17165.876,18513.467,19660.56,20443.341,21143.262,21411.336,22308.161,23180.123,23862.27,24763.891,25859.513,27031.058,28551.517,29568.37,30155.491,30789.388,32295.109,33607.501,35240.155,36835.264,37434.839,36389.701,37370.793,38789.621,39036.959,40951.527,41576.105,42289.109,44421.744,46369.701,48163.891,49681.268,46418.737,51429.496,56255.13,58646.98,60338.933,62114.786,64098.216,66079.742,68111.393,70148.662
United Kingdom,Developed,Advanced,True,False,False,27.0,GB,GBR,9055.196,9838.935,10664.891,11539.076,12200.87,13067.626,13713.507,14783.712,16096.294,17081.035,17769.461,18049.067,18458.786,19280.021,20311.138,21172.126,22063.59,23488.83,24496.197,25513.36,27124.735,28341.453,29172.799,30545.362,31960.062,33605.518,35227.118,36831.678,37150.509,35404.324,36345.548,37208.967,38340.22,39968.1,41281.548,42512.313,44053.24,46228.038,47665.019,48994.492,44310.279,50213.317,55660.843,57492.498,58880.494,60586.492,62554.317,64622.912,66677.251,68700.662
New Zealand,Developed,Advanced,False,False,False,28.0,NZ,NZL,9176.284,10287.718,11150.795,11463.463,12565.292,12993.752,13373.643,13915.04,14353.205,14826.868,15204.852,15111.801,15401.091,16401.384,17452.442,18414.532,19212.095,19763.75,19893.376,20961.213,22207.233,23120.994,24183.439,25263.451,26793.412,28196.428,29531.633,31091.106,31311.593,30842.97,31402.234,32375.996,32733.736,35467.739,36995.898,36995.313,39254.649,40932.687,42564.434,43864.419,42970.489,47235.707,51622.579,52676.507,53797.252,55145.898,56843.44,58575.379,60386.255,62236.64
Italy,Developed,Advanced,True,True,False,29.0,IT,ITA,10896.105,11760.939,12529.417,13163.208,14077.723,14923.119,15656.331,16557.427,17855.608,19171.089,20280.601,21248.775,21903.219,22212.217,23165.923,24333.529,25075.651,25960.242,26714.199,27530.31,29212.664,30433.453,30967.163,31515.487,32581.11,33625.237,35134.797,36484.505,36523.06,34562.306,35420.926,36250.645,36143.031,36288.529,36460.748,37175.638,40230.689,42111.532,43568.525,44604.038,41258.179,47055.506,52559.153,55144.154,56905.188,58408.911,59716.695,61165.995,62936.427,64831.658
Slovenia,Developed,Advanced,False,True,False,31.0,SI,SVN,,,,,,,,,,,,,11208.96,11855.179,12750.084,13549.286,14233.596,15235.276,15928.426,17071.792,18013.897,18989.67,19921.523,20905.54,22387.833,23952.974,26035.279,28507.329,30077.928,27674.831,28184.947,28968.766,29066.166,29990.243,30883.368,31646.714,33946.557,36680.185,39173.149,40955.805,39453.319,44379.865,48714.93,51054.711,53286.733,55566.686,58139.791,60845.72,63687.874,66682.426
Czech Republic,Developed,Advanced,False,True,False,32.0,CZ,CZE,,,,,,,,,,,,,,,,14160.405,15089.416,15288.135,15419.823,15869.115,16896.816,17883.172,18501.96,19559.733,21047.076,23132.134,25397.547,27456.364,28489.293,27114.075,28014.285,29027.244,29269.604,30812.679,32542.452,33933.429,36051.45,38916.183,40936.167,42707.44,40860.247,45030.778,47907.449,49347.241,50474.871,52552.571,54833.564,57273.902,59862.523,62597.905
Cyprus,Developed,Advanced,False,True,False,33.0,CY,CYP,5914.594,6588.805,7352.402,7942.116,8835.365,9436.178,9854.463,10702.289,11876.717,13147.916,14348.655,14554.333,15861.433,15954.001,16899.407,18777.893,19037.793,19579.844,20732.99,21830.06,23394.906,24615.437,25635.031,26519.442,28238.019,30113.572,32027.341,33937.342,35002.554,33616.492,33858.098,33848.982,31995.387,30313.309,29977.592,31955.375,36011.651,38643.589,41305.551,43734.171,42202.951,48078.775,53547.756,55877.226,58732.783,60943.871,63422.98,66103.634,68915.556,71822.109
Israel,Developing,Advanced,False,False,False,34.0,IL,ISR,7264.395,8268.039,8746.993,9130.625,9546.056,10106.663,10512.802,11394.465,12016.47,12450.478,13353.479,13599.528,14389.302,14892.165,15867.354,17292.412,18182.817,18723.81,19229.119,19654.759,21248.589,21255.353,21131.838,21470.874,22676.093,23948.136,25603.222,27396.898,28327.842,28142.358,29541.039,31244.511,32414.665,34743.638,34729.344,35795.29,38093.969,39421.367,41165.254,42617.019,41793.3,47013.157,52548.429,54385.257,55532.543,58466.956,60264.78,62304.052,64511.322,66807.865
Lithuania,Developed,Advanced,False,True,False,35.0,LT,LTU,,,,,,,,,,,,,,,,6856.029,7403.433,8217.217,8995.94,9083.331,9700.384,10653.416,11642.429,13233.808,14645.989,16540.501,18609.321,21490.307,22709.368,19676.044,20673.11,22884.952,24703.756,26721.624,28184.354,28842.241,30922.105,33826.609,36328.241,38763.92,39255.637,43542.983,47353.864,47905.623,50600.265,53235.314,55965.162,58761.032,61694.343,64792.937
Estonia,Developed,Advanced,False,True,False,36.0,EE,EST,,,,,,,,,,,,,,7474.079,7682.936,8172.863,8863.701,10310.161,10983.523,11058.979,12390.269,13515.679,14748.257,16284.36,17967.087,20412.274,23233.207,25788.631,25003.415,21518.72,22363.563,24557.244,25996.085,27464.524,28927.856,29183.777,31309.606,33903.126,35867.098,37799.489,37854.044,42414.681,44591.69,44268.651,45122.366,46967.594,48868.013,50815.001,52897.661,55105.438
Spain,Developed,Advanced,False,True,False,37.0,ES,ESP,7819.354,8444.069,9028.581,9492.63,9962.533,10483.332,11029.53,11920.284,12965.27,14119.801,15185.051,16052.543,16503.487,16620.937,17325.517,18374.841,19120.069,20148.386,21211.034,22416.165,23880.729,25246.885,25920.805,26722.328,27860.794,29235.933,30878.889,32223.444,32597.784,31302.023,31601.897,31872.363,31724.784,32463.125,33558.979,34954.853,37329.293,39647.785,41308.037,42492.026,38044.067,42356.615,47669.667,50436.18,52012.448,53440.743,54864.959,56254.7,57737.175,59325.786
Japan,Developed,Advanced,True,False,False,38.0,JP,JPN,9131.544,10345.73,11266.002,12048.78,12949.674,13961.222,14633.304,15617.83,17172.881,18652.292,20219.659,21554.511,22165.831,22514.056,23179.507,24226.133,25387.17,26016.31,25905.096,26134.627,27412.623,28071.449,28459.658,29412.993,30839.996,32376.401,33834.387,35263.664,35521.037,33742.805,35540.267,36215.062,37628.742,39436.811,39604.122,40959.272,40640.541,41408.954,42714.554,43350.974,42226.323,45416.041,49210.587,52214.642,54183.896,55970.397,57778.421,59538.752,61354.804,63170.859
Poland,Developed,Advanced,False,True,False,39.0,PL,POL,4812.631,4698.907,4704.23,5089.843,5209.165,5539.857,5812.921,6063.09,6476.952,6980.546,6658.746,6385.003,6645.917,7073.894,7587.686,8268.007,8938.006,9728.895,10322.84,10940.569,11788.06,12201.742,12574.09,13279.125,14326.118,15300.211,16746.413,18429.958,19579.01,20246.961,21157.142,22658.7,23588.758,24305.613,25312.264,26816.293,28165.117,30054.831,32567.878,34591.68,34353.732,38540.486,43638.354,46411.512,49060.273,51749.256,54569.346,57380.412,60321.579,63452.377
Hungary,Developed,Advanced,False,True,False,40.0,HU,HUN,6327.187,7127.007,7790.23,8171.585,8717.116,9005.248,9361.961,10030.735,10422.42,10955.577,11017.189,10036.969,9950.674,10136.24,10673.277,11188.336,11420.248,12005.585,12639.775,13247.088,14196.891,15140.554,16144.426,17189.652,18581.072,20024.291,21501.072,22169.046,22870.679,21523.447,22056.88,22996.531,23240.184,24508.545,25664.134,26770.766,27893.694,29832.941,32218.508,34370.382,33256.604,37394.284,42030.61,43567.204,45691.534,48178.614,50586.177,53217.911,56100.03,59145.578
Romania,Developed,Advanced,False,True,False,41.0,RO,ROU,5075.764,5528.591,6070.338,6659.57,7284.305,7473.24,7765.677,7976.348,8173.459,7972.488,7797.331,7029.626,6584.805,6881.538,7349.677,8087.387,8608.471,8270.774,8000.89,8058.985,8483.203,9137.033,10076.383,10616.022,12097.793,13144.38,14723.925,16313.886,18611.86,17862.357,17498.785,18754.947,19771.835,19641.439,20592.471,21570.408,23831.883,27020.78,29471.909,31312.072,30694.217,34158.955,38563.999,40839.286,43179.429,45794.663,48756.763,51926.155,55188.614,58607.943
Oman,Developing,Emerging,False,False,True,42.0,OM,OMN,9938.785,11759.129,13921.732,15575.833,17156.372,20269.379,19800.853,18335.482,19977.729,20192.717,25071.253,26520.627,28405.491,29834.386,30669.297,31924.609,32643.11,34506.783,35151.324,35114.251,37472.118,39407.957,39055.407,38309.814,39433.484,41036.164,43411.105,45842.175,49827.877,51337.4,51197.986,48920.74,49100.483,47045.252,44763.842,36735.474,33677.971,34082.445,34991.639,35053.511,35649.436,38073.549,39009.477,39691.243,39858.516,40517.626,41419.971,42216.681,42978.776,43793.528
Portugal,Developed,Advanced,False,True,False,43.0,PT,PRT,6061.157,6809.025,7341.161,7667.106,7830.894,8188.291,8622.618,9513.261,10385.467,11527.098,12926.499,13845.943,14616.115,14841.519,15342.844,15970.535,16769.785,17730.227,18696.871,19591.115,20653.717,21377.984,21758.113,21898.814,22835.087,23691.455,24774.109,26031.909,26579.775,25884.235,26641.727,26769.433,26438.145,27936.013,28742.318,29668.81,31604.416,33086.048,34864.133,36391.553,33776.078,37360.527,42703.544,45224.264,47070.31,48841.406,50885.963,52981.64,55148.49,57384.891
Guyana,Developing,Emerging,False,False,False,44.0,GY,GUY,2468.585,2711.852,2625.261,2421.548,2574.813,2682.5,2751.441,2841.794,2791.022,2791.235,2831.94,3112.797,3429.772,3789.521,4181.298,4460.077,4882.906,5245.56,5192.747,5401.465,5434.814,5673.908,5828.756,5909.605,6166.673,6233.728,6741.758,7390.658,7661.394,7932.651,8357.744,8958.292,10443.668,10998.334,10942.789,11204.623,11268.43,11964.644,12710.904,13575.353,19676.049,24632.3,42661.874,58616.545,80137.347,96524.407,118696.706,145963.671,168274.377,191374.33
Croatia,Developed,Advanced,False,True,False,45.0,HR,HRV,,,,,,,,,,,,,8270.091,7966.763,8807.236,9742.208,10407.084,11097.457,11611.453,11529.83,12716.142,13661.326,14674.043,15797.823,16892.897,18152.184,19657.54,21219.609,22063.361,20621.109,20660.054,21137.879,21507.616,22181.598,22411.407,23395.046,25317.949,27242.443,28912.15,30568.408,28430.235,35307.511,40430.493,43232.785,45702.291,47860.535,50180.182,52563.316,55040.593,57646.157
Bahamas,,Emerging,False,False,False,46.0,BS,BHS,12574.783,13115.519,14465.333,15695.591,16288.787,17266.629,17765.926,18565.075,19252.124,20122.285,20745.339,20202.659,19532.785,19714.31,20414.21,21313.718,22237.932,23345.1,24316.822,25998.163,27183.061,28082.331,28842.552,28602.963,29192.079,30674.949,31950.024,32817.789,32215.365,30631.959,31052.723,31568.009,32664.182,31775.412,33237.859,33724.417,34046.577,36023.401,37530.187,37481.109,28744.985,34727.426,41986.547,44896.056,46524.322,47672.847,48859.883,50028.996,51227.107,52464.41
Latvia,Developed,Advanced,False,True,False,47.0,LV,LVA,,,,,,,,,,,,,5996.463,5455.15,5783.54,6074.881,6425.993,7186.091,7804.288,8205.883,8933.341,9829.025,10838.641,12095.96,13585.317,15698.171,18297.309,20839.465,20710.452,18105.991,17859.047,19110.296,21181.264,22514.025,23724.256,24871.74,26591.257,28571.463,30639.497,31572.042,31063.826,34939.822,38863.452,40002.277,41730.349,43587.207,45603.349,47715.816,49928.512,52255.685
Panama,Developing,Emerging,False,False,False,48.0,PA,PAN,3659.525,4270.531,4665.334,4524.469,4706.487,4982.637,5150.178,5071.887,4452.685,4602.441,5056.669,5599.48,6067.046,6414.014,6599.545,6716.936,7195.058,7635.897,8120.799,8384.317,8633.347,8700.85,8857.38,9232.543,9999.821,10848.58,11916.371,13475.432,14823.241,14839.934,15627.257,17458.641,19273.571,21482.131,23658.783,26195.719,28842.3,31622.182,33049.562,34213.361,28142.22,33630.401,39362.981,43218.427,44796.836,46378.457,48553.326,50832.019,53218.719,55728.633
Greece,Developed,Advanced,False,True,False,51.0,GR,GRC,8785.138,9352.859,9761.159,9969.372,10482.087,11032.35,11278.744,11256.419,12116.008,13014.577,13417.916,14090.693,14380.042,14396.852,14914.124,15478.493,16132.839,17080.902,17838.275,18551.958,19664.901,20821.814,21869.368,23533.938,25332.73,26212.865,28458.307,30100.62,30508.742,29287.19,27957.497,25628.831,24818.107,25895.955,26541.279,26675.987,27489.207,28518.225,29732.846,30847.723,28359.17,32265.093,37218.893,39394.857,41187.696,42745.613,44360.796,45866.561,47419.18,49004.648
Russian Federation,Transition,Emerging,False,False,True,52.0,RU,RUS,,,,,,,,,,,12746.43,12482.837,10905.472,10198.099,9096.184,8908.037,8759.022,9047.614,8676.976,9387.309,10609.712,11448.39,12234.258,13454.307,14863.099,16371.999,18314.779,20454.405,21952.061,20353.873,21521.201,22798.659,24303.426,26073.873,25761.583,24085.324,24125.323,26006.051,27350.374,28433.535,28102.915,31278.712,32887.131,35401.386,38292.239,39761.79,41119.646,42535.565,44010.779,45555.065
Seychelles,,Emerging,False,False,False,53.0,SC,SYC,4353.945,4525.745,4678.267,4837.362,5196.893,5865.338,5991.55,6171.688,6704.603,7638.4,8473.341,8882.652,9692.181,10426.971,10116.831,10227.548,11289.214,12733.881,12939.201,13107.933,13850.797,13828.905,13952.788,13381.229,13398.882,14995.014,16561.967,18687.148,18235.583,18076.035,18916.589,20947.836,21565.038,22369.391,24683.561,25100.59,28498.855,30378.852,32252.122,34274.25,30396.759,31694.342,38663.018,41179.996,43150.614,45172.489,47333.763,49568.867,51883.941,54290.039
Bulgaria,Developed,Advanced,False,True,False,55.0,BG,BGR,4681.811,5380.446,5935.799,6337.387,6856.075,7195.027,7731.333,8306.405,8829.285,9169.77,8702.105,8097.07,7663.015,7013.792,6983.448,7095.636,7681.709,6763.055,7148.14,6672.168,7064.063,7744.88,8375.159,9039.081,9937.677,11032.661,12208.962,13442.535,14605.737,14284.379,14797.982,15792.81,16375.134,16694.059,17669.512,18453.256,20137.064,21604.834,22857.415,24347.808,23810.562,27114.49,31993.352,33975.665,35963.358,37895.462,39980.829,42067.77,44303.297,46596.492
Malaysia,Developing,Advanced,False,False,False,56.0,MY,MYS,3337.923,3813.151,4182.526,4505.786,4908.231,4862.251,4883.391,5140.07,5708.566,6316.985,6846.771,7637.189,8273.261,9053.884,9828.157,10732.734,11716.028,12470.107,11387.176,11948.186,12947.445,12960.79,13533.125,14257.298,15280.589,16186.67,17384.819,18792.514,19716.344,19202.29,20528.452,21701.738,22963.302,23224.571,24273.001,24074.09,24779.859,25897.244,27464.961,29032.27,27875.622,29995.873,34804.036,36939.678,39029.52,40983.751,43109.688,45169.314,47351.088,49671.248
Kazakhstan,Transition,Emerging,False,False,False,57.0,KZ,KAZ,,,,,,,,,,,,,7052.775,6613.24,6315.86,5966.409,6183.019,6519.707,6568.444,6865.9,7718.858,8973.372,10005.381,11114.351,12422.089,13930.194,15729.029,17392.968,18091.332,17941.858,19211.897,20779.444,22032.178,24504.771,24726.471,23224.116,23818.825,24862.969,26129.405,27407.904,26698.751,28692.55,30701.603,33063.603,34533.902,36742.232,37846.067,39599.962,40880.62,42231.288
Chile,Developing,Emerging,False,False,False,58.0,CL,CHL,3463.848,3961.314,3576.146,3554.907,3839.248,3976.672,4208.876,4518.038,4933.489,5576.469,5899.562,6455.957,7172.084,7702.627,8137.458,8918.442,9401.277,10132.899,10538.191,10526.297,11166.64,11644.085,12070.273,12755.58,13828.762,14944.408,16172.999,17289.832,18093.731,17806.286,18872.9,20235.571,21458.814,22295.742,22650.715,22553.106,22658.674,23671.478,24733.773,24837.193,23192.991,26703.619,28951.243,29872.851,31005.033,32158.31,33344.82,34582.706,35859.919,37210.745
Uruguay,Developing,Emerging,False,False,False,59.0,UY,URY,5050.142,5594.473,5347.661,5198.35,5273.733,5422.271,5912.903,6381.688,6600.48,6896.716,7136.663,7594.965,8334.177,8706.198,9450.145,9449.534,10096.573,10711.41,11231.884,11091.162,11078.528,10884.922,10214.046,10525.603,11339.256,12526.281,13419.19,14680.906,16017.195,16725.147,18149.359,19389.116,19572.263,20562.682,21583.608,21706.662,22186.781,22909.415,23387.199,23914.891,22363.887,24605.709,27485.747,28499.065,30170.345,31495.501,32825.646,34145.777,35485.022,36848.12
Trinidad and Tobago,Developing,Emerging,False,False,True,60.0,TT,TTO,6975.027,7859.504,8522.739,7818.221,7522.113,7343.592,7165.662,6942.834,6850.781,7009.651,7331.775,7764.892,8689.851,8787.113,9250.852,9768.096,10628.238,11603.705,12668.763,13854.595,15107.613,15962.724,17294.278,19983.768,21913.007,23814.65,27900.176,29740.737,31166.889,29700.329,30932.619,31320.799,31896.963,31648.781,31937.384,29666.152,27965.016,28290.031,28644.112,29122.691,26741.945,27533.458,29755.132,31330.471,32684.739,33868.438,34644.032,35915.727,37482.047,39084.325
Montenegro,Transition,Emerging,False,False,False,61.0,ME,MNE,,,,,,,,,,,,,,,,,,,,,8269.729,8514.618,8775.99,9136.437,9777.575,10492.185,11731.315,12850.73,14016.467,13256.474,13754.637,14472.449,13872.81,14891.28,15404.81,16378.882,18244.533,19753.494,21227.797,22456.583,19266.479,22773.544,25453.768,27964.491,29695.785,31110.669,32631.609,34228.142,35903.503,37668.407
Mauritius,Developing,Emerging,False,False,False,62.0,MU,MUS,2022.729,2309.859,2555.978,2641.852,2838.066,3103.669,3448.142,3863.701,4242.304,4570.375,5046.097,5389.67,5794.763,6160.11,6460.797,6820.17,7258.5,7706.509,8179.866,8404.679,9208.248,9641.747,9882.042,10603.145,11285.394,11738.64,12587.984,13607.347,14563.862,15099.317,15913.888,16877.465,17191.91,18106.861,18874.821,19743.891,21312.851,22148.852,23544.705,24635.287,21320.312,23095.908,26974.951,29881.946,32093.516,33863.575,35700.074,37588.753,39578.14,41681.157
Argentina,Developing,Emerging,False,False,False,63.0,AR,ARG,6172.715,6256.712,6327.413,6725.348,6988.374,6595.493,7117.599,7394.23,7414.586,7077.727,7095.181,7997.057,8900.242,9538.737,10179.638,9973.655,10590.737,11513.456,11956.479,11588.607,11634.449,11257.963,10089.756,11105.543,12304.627,13682.76,15091.75,16731.235,17571.678,16472.51,18066.479,19322.227,19641.353,20131.68,19683.772,20105.199,20307.87,23597.118,23268.349,22956.346,20754.382,23805.807,26498.412,26765.728,26389.67,27919.622,29430.115,30846.939,32083.576,33117.661
Antigua and Barbuda,,Emerging,False,False,False,64.0,AG,ATG,3997.153,4578.136,4913.253,5458.066,6331.944,7151.195,8277.003,9203.863,10176.861,11233.977,12017.219,12591.188,12817.44,13508.626,14346.222,13639.715,14407.264,15032.311,15496.883,15905.687,16917.435,16234.797,16489.489,17666.8,18998.132,20651.029,23741.217,26368.789,26571.625,23266.66,21447.064,21223.826,20413.946,19531.897,19714.499,19498.26,20431.147,20231.285,21773.551,22756.186,18740.905,20581.921,23554.466,25484.598,27309.012,28529.262,29483.886,30472.404,31498.859,32570.713
Costa Rica,Developing,Emerging,False,False,False,65.0,CR,CRI,3560.208,3696.36,3532.935,3669.139,3990.384,4024.707,4206.441,4391.714,4577.943,4898.534,5137.837,5308.092,5799.326,6195.577,6422.377,6638.113,6668.653,6975.323,7375.911,7611.385,8143.258,8305.16,8572.707,8976.59,9474.149,10006.94,10907.258,11950.659,12573.499,12357.467,12933.364,13605.863,14367.698,15034.637,16076.627,17079.776,18503.17,19711.653,20460.373,21083.996,20238.049,22617.934,25073.915,27063.75,28558.326,29802.293,31077.031,32406.297,33793.096,35246.295
Maldives,,,False,False,False,66.0,MV,MDV,1796.988,2042.045,2259.062,2364.644,2777.73,3136.304,3346.457,3638.837,3991.945,4419.082,4233.667,4467.95,4731.909,4970.228,5315.502,5718.76,6217.103,6974.693,7584.806,8083.633,8529.879,8660.08,9178.824,10515.456,11274.896,10173.452,12736.357,13742.026,15032.491,13662.031,14529.44,15834.725,16435.788,18250.006,20337.738,21931.337,23409.634,24927.362,27251.234,29240.192,19548.556,27685.313,33198.573,35338.033,37433.014,39901.142,41981.239,44087.034,46166.525,48353.775
Serbia,Transition,Emerging,False,False,False,67.0,RS,SRB,,,,,,,,,,,,,,,,,,4808.919,5026.392,5985.757,6517.489,7134.913,7711.6,8230.222,9236.069,10082.745,10967.613,12038.867,13020.078,12793.707,13096.405,13742.301,13929.189,14624.103,14657.076,14932.417,15856.452,16621.466,17863.833,19052.456,19257.542,21902.271,24655.013,26304.889,27984.719,29866.235,31776.319,33806.829,35940.126,38207.862
Libya,Developing,Emerging,False,False,True,68.0,LY,LBY,32746.583,27399.543,28203.847,26801.246,24407.057,25472.482,22173.058,18586.693,18348.202,19551.756,22329.77,26687.77,25471.107,24108.367,24923.968,21066.752,21423.948,20874.156,20589.356,20513.678,21447.075,22163.634,21344.604,24906.954,26629.366,29946.148,30411.565,32664.822,32674.768,31007.821,32520.019,16810.944,27458.754,23054.535,20273.576,21709.868,21520.749,23949.326,26181.87,23407.069,16564.823,22013.22,21404.873,24196.485,26456.471,28508.339,29958.748,30828.981,31768.728,32791.262
Dominican Republic,Developing,Emerging,False,False,False,69.0,DO,DOM,2429.352,2710.94,2860.665,3038.219,3112.436,3068.196,3162.485,3483.049,3597.834,3818.893,3672.705,3767.121,4208.186,4541.437,4677.448,4963.243,5270.458,5746.154,6102.781,6458.552,6812.401,7040.539,7372.182,7316.845,7608.758,8481.419,9436.38,10294.362,10706.265,10757.652,11673.916,12157.893,12207.744,12818.364,13859.072,15186.042,16625.846,17301.383,18754.619,19854.59,18602.925,21654.973,24096.011,25355.128,27120.369,28715.515,30466.659,32325.775,34298.732,36399.732
Belarus,Transition,Emerging,False,False,False,70.0,BY,BLR,,,,,,,,,,,5269.509,5379.733,4963.399,4684.33,4229.548,3858.813,4052.467,4615.979,5086.107,5344.89,5797.605,6246.206,6706.056,7370.826,8492.59,9652.474,11012.445,12344.171,13917.679,14061.565,15376.89,16563.201,18105.287,18994.19,19008.061,18095.665,17785.943,18356.101,19407.255,20058.884,20272.711,21899.949,22521.041,24369.938,25685.299,26571.527,27569.128,28589.178,29641.131,30683.316
Mexico,Developing,Emerging,False,False,False,71.0,MX,MEX,6360.632,7449.98,7723.18,7479.987,7842.62,8065.818,7737.344,7926.461,8140.691,8596.605,9207.367,9710.581,10095.755,10439.63,10936.632,10329.57,10994.631,11809.416,12502.472,12857.855,13632.044,13687.379,13673.375,13915.133,14603.84,15177.605,16167.223,16694.479,16908.439,15694.301,16423.969,17088.478,17815.336,17979.735,18624.22,18873.283,19888.382,20359.919,21031.626,21126.372,19407.67,21333.683,23558.948,24980.289,25962.872,26581.222,27392.781,28276.908,29204.56,30181.24
Thailand,Developing,Emerging,False,False,False,73.0,TH,THA,1576.191,1791.295,1965.979,2117.519,2278.494,2415.614,2553.827,2814.921,3244.557,3723.198,4251.552,4708.548,5207.709,5741.344,6275.074,6857.907,7296.827,7133.278,6582.879,6901.325,7295.495,7645.46,8173.534,8867.572,9612.387,10262.513,11037.665,11886.134,12259.547,12188.44,13198.688,13519.129,14870.976,15407.665,15480.211,15822.371,16616.195,17422.952,18516.185,19170.669,18203.08,19290.925,21129.112,22275.888,23401.361,24482.904,25678.048,26934.033,28256.763,29652.832
Bosnia and Herzegovina,Transition,Emerging,False,False,False,74.0,BA,BIH,,,,,,,,,,,,,,,,,3028.21,3811.737,4391.742,4918.162,5241.763,5480.551,5840.751,6184.225,6742.494,7242.693,7886.768,8598.471,9274.067,9299.725,9566.914,9971.438,10292.31,11038.037,11268.419,11850.474,12758.49,13420.36,14286.046,14966.447,14723.69,16565.414,18523.669,19595.083,20622.798,21678.741,22809.341,24006.918,25268.091,26608.856
Colombia,Developing,Emerging,False,False,True,75.0,CO,COL,2847.797,3118.745,3271.086,3379.7,3543.815,3795.157,4013.776,4245.159,4479.666,4716.427,5000.616,5184.658,5425.163,5760.927,6076.989,6417.996,6563.017,6815.756,6825.54,6547.601,6789.831,6969.613,7164.751,7498.132,8011.023,8524.847,9267.201,10043.273,10456.341,10524.922,11011.04,11893.012,12305.508,13024.859,13627.049,13611.438,14351.727,14763.881,15219.989,15601.018,14386.64,16450.339,18687.072,19282.538,19769.902,20412.168,21215.147,22050.512,22919.228,23826.936
Georgia,Transition,Emerging,False,False,False,77.0,GE,GEO,,,,,,,,,,,,4164.191,2340.707,1732.637,1719.36,1872.292,2184.663,2547.059,2730.311,2913.185,3091.014,3380.113,3658.428,4196.91,4592.077,5217.617,5929.091,6882.823,7231.978,7045,7684.254,8525.017,10039.617,10811.773,11806.082,12318.769,13112.008,13788.398,14946.453,16041.235,15257.588,17600.234,21130.827,23236.838,25248.121,27132.399,29047.567,31150.123,33317.4,35642.601
Armenia,Transition,Emerging,False,False,False,78.0,AM,ARM,,,,,,,,,,,,,1624.848,1463.525,1613.806,1818.686,1978.44,2100.607,2279.206,2400.17,2606.63,2936.744,3435.211,4008.423,4562.289,5405.115,6328.193,7418.015,8113.359,7031.882,7282.871,7778.182,9093.972,9563.81,9792.081,9753.364,10502.091,11974.031,12933.698,14184.445,13349.231,14751.883,17779.33,20031.622,21746.233,23289.803,24794.557,26397.488,28104.608,29928.116
Albania,Transition,Emerging,False,False,False,79.0,AL,ALB,2155.435,2444.395,2614.863,2689.498,2783.124,2770.514,2927.422,2917.125,2922.065,3245.816,2976.524,2228.982,2128.504,2402.746,2701.269,3021.961,3378.254,3080.303,3411.354,3930.411,4326.13,4835.563,5148.904,5561.608,6051.35,6619.815,7272.491,7976.495,8807.247,9220.736,9726.931,10207.743,10526.271,10570.982,11259.261,11661.999,12077.602,13039.696,13881.427,14418.218,14141.507,16134.746,18148.805,19484.587,20632.444,21779.153,23045.765,24382.149,25804.36,27319.993
Botswana,Developing,Emerging,False,False,False,80.0,BW,BWA,2172.192,2524.935,2995.889,3326.332,3540.187,3793.217,4053.743,4603.824,5675.049,5956.206,6480.176,6911.246,6854.891,7100.636,7007.417,7567.131,7710.625,8214.572,8003.259,8603.29,9018.674,9251.086,9906.596,10461.522,10704.12,11382.243,12209.724,13008.79,13415.445,11353.247,12396.266,13248.849,12323.009,13102.863,14338.574,13420.507,15277.042,14656.773,15304.831,15723.895,14274.603,16429.552,18307.065,19260.219,20096.72,21052.745,21968.356,22930.733,23953.353,25025.689
Iran,Developing,Emerging,False,False,True,81.0,IR,IRN,5750.951,5713.243,7191.148,7989.155,7397.659,7481.856,6626.916,6616.593,6278.773,6758.709,7773.557,8840.873,9205.545,9150.717,9054.627,9329.504,9957.606,10108.053,10291.201,10531.74,11219.865,11552.5,12472.62,13477.34,14222.295,14908.222,15883.181,17388.453,17587.371,17646.956,18652.142,19282.626,17040.699,16238.317,16106.084,14327.839,15281.918,15805.787,15674.644,15264.088,15797.581,17137.867,18848.819,20253.297,21219.523,22032.182,22835.308,23576.417,24258.315,24965.846
Barbados,Developing,Emerging,False,False,False,82.0,BB,BRB,6000.698,6421.079,6464.346,6733.111,7208.151,7496.411,8011.933,8395.334,8963.729,9615.952,9612.679,9517.311,9147.53,9406.776,9765.436,10135.642,10690.92,11347.978,11860.114,12023.517,12799.392,12738.201,13000.412,13506.107,14021.478,14984.179,16260.735,17000.358,17375.192,16526.389,16280.321,16443.728,15425.335,15432.544,15252.122,15603.272,16006.122,15828.663,16041.283,16323.353,14399.85,14823.066,18010.639,19439.193,20592.402,21487.91,22339.757,23158.102,24006.904,24891.798
Brazil,Developing,Emerging,False,False,False,83.0,BR,BRA,4709.264,4820.275,5037.577,4949.465,5287.481,5765.008,6199.126,6456.108,6579.184,6932.608,6842.69,7125.147,7136.103,7524.91,7969.051,8364.781,8457.838,8758.333,8750.339,8817.647,9329.142,9537.69,9853.592,10038.542,10773.624,11335.482,12013.513,12951.145,13729.896,13638.593,14674.908,15491.011,15555.589,16168.598,16352.308,15379.878,14915.414,15242.718,15788.354,16169.738,15772.988,17192.68,18861.05,20000.59,20809.091,21513.081,22258.666,23011.596,23791.273,24601.703
Azerbaijan,Transition,Emerging,False,False,True,84.0,AZ,AZE,,,,,,,,,,,,,4374.218,3430.597,2773.79,2448.034,2528.587,2774.274,2944.952,3294.891,3543.97,3820.03,4205.607,4681.963,5202.496,6703.243,9176.74,11628.078,12959.125,14018.136,14773.749,14905.289,16062.577,17299.91,17550.596,15026.136,14448.63,14184.792,14592.041,15124.077,14646.503,16094.31,17949.295,18585.191,19327.534,19885.469,20486.207,21110.186,21754.358,22438.291
Saint Lucia,,Emerging,False,False,False,85.0,LC,LCA,2282.985,2591.258,2773.377,2960.2,3266.722,3735.79,4293.271,4506.43,5241.721,5860.623,6594.693,6750.098,7343.373,7450.579,7630.434,7833.673,8123.726,8128.103,8658.13,8935.301,9070.92,8897.923,9006.321,9502.472,10391.235,10599.035,11559.028,12027.216,12776.555,12530.424,12654.2,13448.225,13289.7,13724.488,13991.184,13816.961,14608.656,15264.071,15994.986,16167.799,12471.975,14486.329,17824.443,18913.475,19718.436,20361.876,20980.284,21561.284,22158.817,22777.467
Suriname,,Emerging,False,False,False,86.0,SR,SUR,,,,,,,,,,,6979.218,6137.238,6435.527,6357.769,5958.991,6681.694,7465.842,8018.575,8177.331,8109.531,8175.162,8652.853,9011.094,9592.945,10385.045,11109.46,11976.024,12766.633,13368.017,13670.935,14337.311,15338.813,16756.792,17770.741,18162.753,16962.256,14779.423,17885.752,18976.272,19262.212,16105.21,16185.335,17478.623,18225.517,18927.784,19536.906,20192.748,20871.361,21573.21,22303.124
Guinea,Developing,Emerging,False,False,True,87.0,GN,GIN,,,,,,,,,,,930.583,934.602,931.114,944.915,953.219,976.747,1005.945,1050.144,1079.726,1117.755,1152.233,1200.791,1261.109,1279.595,1319.656,1373.037,1417.757,1512.703,1564.03,1508.734,1550.111,1628.172,1615.263,1679.881,1670.741,1684.808,1928.285,2249.556,2387.71,2501.616,2589.164,2789.318,3028.585,3236.969,3365.935,3528.906,3709.537,3892.883,4088.08,4293.834
Saint Vincent and the Grenadines,,Emerging,False,False,False,88.0,VC,VCT,1936.763,2183.265,2358.739,2510.815,2719.369,2904.609,3101.835,3178.269,3701.286,3952.024,4263.986,4471.534,4891.855,5181.054,5223.521,5688.441,5846.681,6162.313,6501.366,6723.904,6991.703,7255.021,7717.824,8342.777,8878.157,9353.719,10260.972,10851.992,11095.98,11015.279,10660.454,10801.668,10941.051,11482.471,11891.286,12035.302,13012.279,12975.244,13683.016,13993.653,13637.395,14358.751,16202.154,17819.532,19195.633,20274.016,21211.398,22171.334,23175.176,24229.317
Grenada,,,False,False,False,89.0,GD,GRD,2157.998,2352.945,2530.519,2634.568,2767.157,2980.763,3257.024,3668.331,3960.198,4322.772,4704.04,4925.502,4960.864,4924.719,5065.036,5235.191,5525.354,5864.181,6600.697,7133.04,7633.528,7617.404,7971.29,8866.53,9016.279,10501.888,10365.751,11272.218,11568.1,10835.806,10866.228,11116.743,11163.804,11887.335,13042.04,14151.894,15025.684,16217.5,17223.207,17543.733,15259.671,16619.912,18997.749,20535.067,21799.014,22892.432,23907.791,24902.092,25939.004,27025.271
Gabon,Developing,Emerging,False,False,True,90.0,GA,GAB,8862.651,9112.65,9855.664,10221.622,10870.336,11609.093,11344.545,9623.6,10089.715,11842.782,12640.48,13434.878,12913.356,13415.887,13864.502,14496.796,14924.249,15661.245,15988.362,14404.391,14100.756,14368.969,14262.939,14431.132,14619.62,14594.622,14397.692,15266.256,15250.416,14445.808,14969.363,15762.728,15487.112,15234.598,15499.573,14834.214,14490.228,15302.638,15581.1,16229.779,15936.362,16698.386,18190.841,18861.779,19452.366,19894.914,20361.575,20835.864,21315.397,21822.005
Paraguay,Developing,Emerging,False,False,False,91.0,PY,PRY,3533.011,4099.161,4166.841,4076.188,4215.999,4386.352,4348.447,4495.063,4775.735,5090.2,5498.259,5524.294,5631.121,5928.159,6249.205,6679.214,6770.373,7035.722,6977.251,6839.731,6696.142,6663.062,6642.295,6940.963,7288.363,7547.249,8018.648,8540.954,9122.737,9011.108,9975.53,10455.239,9957.426,10980.329,11355.137,11372.589,11907.055,12433.769,12941.262,12922.9,12807.213,13742.275,14536.735,15530.5,16290.776,16981.779,17671.857,18390.643,19139.046,19921.892
South Africa,Developing,Emerging,False,False,False,92.0,ZA,ZAF,5110.125,5745.29,5922.07,5886.489,6250.739,6221.544,6206.789,6356.644,6713.06,6990.457,7067.897,7059.854,6890.918,6966.419,7172.695,7391.532,7705.448,7909.08,7916.239,8100.119,8502.715,8767.995,9108.051,9469.637,10058.852,10796.224,11610.662,12399.897,12857.165,12548.485,12887.181,13361.588,13191.404,13590.776,13594.671,13696.845,13737.623,13838.851,14167.569,14237.396,13372.46,14516.491,15714.954,16139.643,16423.65,16661.981,16950.892,17249.716,17554.156,17867.545
Moldova,Transition,Emerging,False,False,False,93.0,MD,MDA,,,,,,,,,,,,,4396.828,4458.579,3143.115,3166.683,3044.084,3156.583,2989.227,2933.162,3070.143,3337.469,3663.296,3994.175,4413.653,4907.774,5315.029,5636.029,6201.692,5871.827,6370.995,6882.486,7329.152,8345.09,8789.288,9221.849,10527.014,11361.9,12318.419,13211.405,12497.428,15157.194,15695.552,16733.609,17901.591,19443.562,21180.09,23074.602,25143.733,27392.547
Egypt,Developing,Emerging,False,False,True,94.0,EG,EGY,2183.171,2374.787,2633.53,2900.432,3158.468,3401.926,3543.763,3705.343,3909.112,4093.552,4307.571,4454.627,4477.121,4571.616,4769.718,4973.231,5202.963,5484.706,5847.938,6162.361,6495.928,6739.375,6924.278,7136.452,7485.125,7905.353,8525.969,9199.259,9833.706,10127.824,10532.03,10694.412,12275.124,12344.352,11947.802,12607.48,12278.746,11756.039,12418.142,13191.213,13498.99,14363.087,16159.77,17037.863,17614.053,18353.686,19200.392,20150.32,21232.927,22408.298
Peru,Developing,Emerging,False,False,False,95.0,PE,PER,3073.921,3461.453,3575.51,3289.728,3456.475,3557.865,3977.781,4294.531,3939.807,3470.318,3348.088,3467.616,3459.151,3656.341,4116.524,4432.937,4556.642,4845.904,4795.741,4856.421,5027.598,5109.593,5414.446,5697.26,6087.643,6617.76,7279.522,8059.69,8907.697,9002.035,9799.274,10555.678,10936.691,11544.755,11816.649,11918.356,12451.592,12982.689,13550.025,13836.7,12306.001,14416.377,15673.802,15995.535,16630.792,17205.68,17755.74,18323.935,18910.703,19520.124
Indonesia,Developing,Advanced,False,False,True,96.0,ID,IDN,1286.298,1485.7,1581.679,1679.337,1835.456,1929.313,2068.747,2215.547,2406.194,2674.844,2966.12,3285.738,3521.422,3828.193,4136.156,4495.44,4879.279,5137.356,4461.621,4508.48,4784.887,4999.587,5231.132,5510.821,5860.126,6298.124,6753.185,7272.533,7852.282,8155.872,8657.998,9213.212,9833.69,10188.332,10398.96,10359.28,10618.699,11073.521,11786.743,12456.443,12209.657,13142.864,14674.17,15828.643,16861.173,17867.133,18960.368,20126.16,21372.379,22706.646
Sri Lanka,Developing,Emerging,False,False,False,97.0,LK,LKA,1087.462,1237.268,1365.286,1448.867,1585.07,1699.535,1790.253,1842.918,1939.93,2040.761,2225.22,2518.887,2467.232,2686.072,2936.099,3153.177,3577.037,3990.671,3949.076,4098.48,4516.464,4496.086,4698.658,5033.386,5404.312,5873.866,6469.348,7044.001,7552.866,7813.828,8484.484,9347.188,10618.569,11243.811,11706.821,12208.012,13056.641,13584.193,14068.105,14185.646,13635.746,14603.921,14254.96,,,,,,,
Mongolia,Developing,Emerging,False,False,False,98.0,MN,MNG,,,,,,,,,,,3603.405,3301.764,3008.4,2954.627,3053.292,3266.955,3351.786,3494.136,3600.478,3710.642,3790.89,4007.205,4226.029,4571.945,5083.095,5519.401,6077.405,6692.309,7229.032,6991.132,7470.658,8781.925,10074.011,10375.299,10850.233,10441.614,10518.681,11137,12044.822,12704.066,12063.15,12625.715,13999.358,15322.4,16503.691,17576.738,18656.831,19784.136,20939.463,22166.803
Fiji,,Developing,False,False,False,99.0,FJ,FJI,2696.513,3054.32,3125.808,3034.291,3388.706,3311.868,3568.397,3380.29,3616.479,4196.502,4568.964,4559.152,4908.179,5114.494,5447.171,5671.579,5995.524,5898.828,5977.961,6534.078,6530.352,6780.671,7057.554,7200.863,7746.188,7835.533,8200.47,8271.208,8507.999,8385.861,8694.34,9066.131,9668.398,10397.032,11380.505,12427.301,12647.453,13316.586,14056.606,14124.838,11801.913,11670.544,14903.323,16589.705,17403.393,18199.454,19066.824,19947.924,20868.515,21805.624
Dominica,,Emerging,False,False,False,100.0,DM,DMA,,2043.736,2267.755,2425.524,2627.985,2759.536,3025.098,3307.499,3705.121,3856.928,4233.312,4451.441,4644.926,4857.421,4962.425,5219.548,5479.688,5695.52,5976.398,6081.965,6364.718,6503.401,6422.183,6969.989,7380.982,7667.823,8278.395,9049.329,9887.452,9839.028,10039.828,10335.991,10157.996,10344.154,11015.373,11139.636,11961.78,11665.874,12349.519,12748.881,10605.109,11796.719,13274.101,14336.385,15279.574,16130.21,16888.835,17622.605,18387.397,19093.034
Vietnam,Developing,Emerging,False,False,True,101.0,VN,VNM,538.193,610.531,687.543,750.898,827.492,884.416,913.989,939.236,1002.637,1101.136,1151.321,1236.449,1350.395,1468.447,1605.098,1765.895,1934.972,2095.84,2207.432,2310.611,2489.572,2684.821,2881.448,3124.64,3426.9,3766.203,4114.734,4485.009,4784.092,5023.982,5357.814,5826.158,6400.242,6762.711,7281.166,7635.282,8316.211,9085.612,9882.61,10584.719,10907.778,11589.347,13284.217,14342.379,15469.861,16633.819,17913.271,19297.415,20793.617,22410.31
Algeria,Developing,Emerging,False,False,True,102.0,DZ,DZA,5214.199,5701.588,6240.959,6618.321,7015.838,7290.116,7226.702,7165.382,7065.762,7508.365,7750.631,7724.918,7835.49,7670.646,7593.955,7889.641,8191.669,8285.652,8668.22,8933.522,9314.874,9668.362,10196.694,10910.645,11537.572,12350.678,12902.094,13462.489,13760.434,13736.5,14285.348,14714.19,14411.304,14239.859,14461.054,13493.328,13038.562,12998.363,13216.093,13299.019,12673.926,13535.38,14775.633,15718.072,16482.6,17065.172,17601.898,18095.748,18603.411,19130.334
Ecuador,Developing,Emerging,False,False,True,103.0,EC,ECU,3187.222,3523.701,3681.837,3617.731,3801.841,3988.172,4087.793,3841.237,4282.089,4355.12,4546.5,4828.948,5004.413,5114.178,5335.809,5465.658,5565.857,5814.133,5981.072,5694.444,5800.477,6043.924,6303.084,6500.694,7009.339,7525.333,7953.138,8177.397,8723.835,8713.502,9007.443,9806.954,10258.108,11274.312,11771.523,10784.047,10759.507,11642.842,11859.722,11907.663,10797.76,12229.763,13708.017,14330.867,14484.817,14659.259,15021.647,15424.205,15879.401,16359.114
Ukraine,Transition,Emerging,False,False,False,104.0,UA,UKR,,,,,,,,,,,,6948.565,6383.312,5623.491,4464.122,4035.201,3732.961,3714.847,3717.114,3795.095,4148.169,4655.265,5021.664,5652.309,6536.263,7002.435,7814.367,8735.617,9145.105,7842.929,8297.137,8959.21,9388.766,10749.363,10804.267,10224.946,11215.911,11942.821,12712.782,13419.915,13186.102,14412.359,12805.527,14704.303,15463.851,16289.651,17045.046,17774.669,18785.443,19970.064
Tunisia,Developing,Emerging,False,False,False,105.0,TN,TUN,2242.648,2519.411,2598.912,2761.261,2990.153,3155.438,3053.442,3268.879,3329.905,3486.919,3757.238,3956.225,4276.194,4393.211,4560.659,4698.107,5033.601,5339.645,5598.888,5954.366,6288.578,6615.28,6752.679,7155.141,7744.994,8196.909,8811.12,9561.433,10051.985,10308.384,10680.139,10556.817,10692.256,10709.667,10944.959,10735.106,10897.887,11138.348,11565.153,11820.313,10837.07,11742.087,12778.437,13185.586,13644.731,14027.795,14425.53,14807.455,15185.46,15569.996
Jamaica,Developing,Emerging,False,False,False,106.0,JM,JAM,2911.41,3269.15,3518.223,3733.108,3895.8,3923.317,4244.311,4650.569,4595.251,4990.143,5335.394,5525.435,5765.097,5982.614,6170.596,6400.531,6472.148,6413.242,6344.445,6435.235,6571.382,6746.022,6857.522,7223.288,7488.762,7764.817,8207.086,8520.905,8583.542,8312.609,8263.839,8531.299,8586.347,8895.191,9046.918,9346.692,9817.681,10286.743,10694.673,10967.207,9998.297,10925.44,12291.316,13004.809,13542.78,14000.028,14475.625,14967.92,15477.266,16007.148
Belize,,Emerging,False,False,False,107.0,BZ,BLZ,1825.494,1998.495,1925.884,2064.894,2318.526,2294.066,2440.034,2972.311,3344.636,3910.935,4385.545,4923.395,5500.182,5808.731,5773.169,5781.241,5802.208,5901.383,5978.859,6483.664,7292.722,7637.323,7950.351,8641.117,9050.802,9311.703,9761.955,10089.14,9860.702,9617.805,9629.937,9515.096,8997.243,9145.157,9023.146,9038.878,8832.965,8499.772,8608.52,8842.48,7490.902,9046.724,10254.126,10907.518,11320.347,11579.772,11859.186,12145.78,12439.55,12742.974
Namibia,Developing,Emerging,False,False,False,108.0,NA,NAM,,,,,,,,,,,4077.568,4259.013,4588.057,4471.918,4566.284,4717.251,4809.201,4939.377,4999.684,5081.567,5310.822,5554.596,5920.292,6144.782,6616.747,7018.582,7388.458,7858.62,8100.748,8054.022,8516.476,8999.744,9511.583,9901.42,10633.421,10792.674,10578.101,10316.885,10466.701,10358.701,9469.742,10069.168,11070.757,11627.311,12007.594,12321.014,12649.824,12989.891,13346.634,13713.755
El Salvador,Developing,Emerging,False,False,False,109.0,SV,SLV,2084.88,2127.363,2099.898,2202.504,2298.282,2366.659,2394.478,2485.375,2584.999,2669.974,2854.128,2954.447,3189.675,3406.85,3603.194,3815.842,3884.386,4043.558,4167.129,4289.265,4410.075,4526.425,4651.253,4804.941,4970.68,5263.606,5666.029,5917.482,6133.558,6021.749,6199.497,6543,6622.566,6966.62,7332.935,7712.331,8174.484,8617.858,9017.024,9385.556,8740.796,10194.904,11178.884,11949.659,12560.845,13030.607,13533.964,14057.274,14601.11,15169.021
Jordan,Developing,Emerging,False,False,False,110.0,JO,JOR,3846.404,4652.397,5012.035,5051.785,5279.128,5148.862,5316.306,5345.283,5436.824,4813.213,4673.782,4327.847,4904.383,4971.023,5078.937,5272.164,5292.724,5437.912,5545.591,5681.341,5927.881,6231.609,6601.657,6843.466,7420.314,8113.896,8483.243,8862.203,9466.692,9785.799,9913.58,10133.774,10308.044,10320.797,9457.598,9237.72,9056.91,9629.106,9804.078,9916.799,9727.788,10338.042,11196.423,11852.513,12401.617,12934.025,13487.164,14044.822,14614.399,15198.765
Iraq,Developing,Emerging,False,False,True,111.0,IQ,IRQ,,,,,,,,,,,,,,,,,,,,,,,,6265.54,9604.673,9812.989,10424.351,10652.186,11475.565,11646.308,12218.838,13075.221,14843.033,15414.282,14027.484,10493.948,9597.761,10916.391,11389.673,11893.247,10329.074,10695.3,11937.388,11796.562,11937.032,12468.72,12848.035,13212.047,13587.188,13975.943
Guatemala,Developing,Emerging,False,False,False,112.0,GT,GTM,2661.209,2859.05,2855.59,2820.373,2863.701,2863.059,2850.555,2950.437,3095.033,3261.74,3405.183,3542.063,3701.503,3827.335,3952.971,4117.81,4214.175,4363.839,4513.947,4641.433,4755.185,4897.886,5044.857,5153.083,5331.26,5548.876,5890.707,6291.32,6478.961,6408.253,6529.911,6794.298,7017.665,7183.099,7457.902,7849.062,7847.231,7915.054,8210.625,8519.095,8318.849,9212.191,10066.875,10587.193,11005.594,11390.684,11804.468,12239.169,12701.218,13183.847
Eswatini,,Emerging,False,False,False,113.0,SZ,SWZ,1780.39,2013.066,2094.425,2090.511,2143.671,2177.156,2544.486,2772.768,2987.557,3291.626,3642.329,3728.254,3837.615,3956.073,4046.768,4241.206,4396.235,4525.075,4650.722,4810.244,4959.349,5077.393,5333.122,5598.434,5904.012,6397.195,6928.198,7366.772,7515.195,7624.306,7952.182,8239.445,8450.022,8901.07,8997.305,9023.533,8932.236,8650.839,8970.816,9275.136,9153.11,10483.305,11155.509,12026.886,12637.334,13139.761,13668.665,14224.737,14761.362,15287.678
Philippines,Developing,Emerging,False,False,False,114.0,PH,PHL,1923.077,2123.469,2279.24,2353.567,2205.279,2057.872,2119.47,2210.381,2388.752,2575.052,2689.89,2705.692,2715.338,2775.118,2891.07,3017.327,3094.753,3237.986,3178.443,3260.76,3482.574,3592.079,3705.225,3891.078,4174.607,4432.374,4722.154,5072.764,5299.783,5316.347,5677.651,5919.231,6359.805,6687.843,7045.232,7278.232,7788.953,8199.054,8784.646,9343.445,8449.196,9220.362,10486.339,11339.592,12191.566,13034.324,13953.157,14955.44,16031.333,17199.939
Bolivia,Developing,Emerging,False,False,True,115.0,BO,BOL,2069.854,2099.123,2097.267,2048.536,2074.901,2061.595,2007.074,2064.386,2154.397,2276.22,2420.351,2580.138,2627.539,2726.719,2833.932,2969.522,3094.138,3239.037,3373.572,3370.219,3429.356,3499.202,3575.312,3677.504,3864.589,4089.857,4342.941,4586.058,4880.05,4992.712,5177.992,5472.555,5937.484,6645.213,7080.98,7160.045,7528.313,8456.073,8887.583,9108.233,8306.266,9085.212,9940.738,10412.664,10693.376,10978.492,11263.79,11568.227,11881.131,12204.94
Uzbekistan,Transition,Emerging,False,False,True,116.0,UZ,UZB,,,,,,,,,,,,,2394.57,2340.933,2222.865,2208.668,2243.761,2327.034,2417.507,2520.524,2685.981,2824.281,2946.947,3092.908,3374.015,3678.49,4031.181,4474.036,4895.659,5235.653,5580.361,5888.157,6106.886,6355.118,6551.283,6739.703,6855.585,6897.807,7348.022,7775.689,7881.609,8685.779,9626.363,10353.579,10935.737,11499.379,12117.221,12770.282,13458.038,14185.954
Morocco,Developing,Emerging,False,False,False,117.0,MA,MAR,1627.729,1688.455,1915.22,1933.253,2041.501,2187.259,2360.717,2303.064,2573.776,2675.797,2876.886,3138.007,3058.956,3044.96,3407.831,3211.167,3657.816,3595.118,3871.551,3893.218,3990.04,4329.365,4482.243,4795.574,5093.858,5340.413,5856.516,6099.813,6503.138,6736.158,6991.087,7418.128,7420.534,7673.534,7351.549,7905.333,7944.173,8193.228,8547.589,8850.103,8238.801,9215.158,9891.153,10460.277,10946.567,11403.168,11904.357,12432.844,12985.995,13574.057
Cabo Verde,Developing,Emerging,False,False,False,119.0,CV,CPV,809.087,945.862,1013.998,1130.839,1190.566,1306.482,1342.818,1405.958,1510.872,1624.125,1658.817,1698.778,1748.019,1874.769,2054.268,2196.688,2328.91,2491.314,2671.395,2966.799,3188.702,3393.255,3561.286,3835.821,4066.59,4373.246,4855.452,5678.377,6128.582,6009.622,6127.524,6426.701,6282.417,6249.366,6212.843,6468.241,6923.321,7373.157,7859.343,8445.807,6697.125,7310.337,9056.476,9720.544,10304.205,10852.81,11432.15,12038.754,12666.373,13331.224
India,Developing,Emerging,False,False,False,120.0,IN,IND,581.654,659.742,708.651,772.435,812.299,862.405,901.418,939.383,1043.108,1123.837,1204.347,1232.068,1301.947,1367.822,1460.249,1572.155,1688.531,1753.237,1847.385,2001.886,2087.485,2197.354,2275.59,2460.132,2681.209,2936.898,3222.02,3510.97,3636.961,3892.56,4216.181,4467.467,4827.944,5016.928,5187.256,5412.335,5778.27,6112.066,6583.59,6882.332,6507.86,7406.466,8424.352,9339.349,10122.951,10869.616,11689.257,12575.565,13533.785,14572.987
Bangladesh,Developing,Emerging,False,False,False,121.0,BD,BGD,633.158,712.753,760.915,805.937,847.533,883.608,912.943,937.992,968.793,1023.892,1084.43,1141.383,1196.427,1250.334,1306.411,1367.907,1425.694,1488.717,1547.004,1614.181,1702.725,1784.385,1855.856,1952.927,2089.816,2263.87,2460.671,2659.258,2827.4,2962.766,3144.042,3378.412,3758.619,3992.985,4292.985,4564.144,4886.876,5226.652,5693.178,6048.452,6384.062,7061.27,7964.05,8663.099,9416.445,10166.052,10975.735,11843.45,12777.533,13786.476
Marshall Islands,,,False,False,False,122.0,MH,MHL,,,,,,,,,,,,,,,,,,2111.009,2088.793,2056.072,2138.088,2369.428,2535.458,2531.49,2557.353,2646.273,2717.83,2868.467,2665.191,2790.664,2941.588,2987.286,3036.25,3244.546,3319.312,3491.223,3687.35,4034.922,4516.692,5205.762,5147.938,5400.653,5696.279,6032.772,6313.119,6500.968,6685.916,6859.479,7037.688,7221.972
Angola,Developing,Emerging,False,False,True,123.0,AO,AGO,1316.581,1341.479,1387.663,1464.232,1566.686,1484.486,1515.005,1575.668,1685.557,1705.605,1663.97,1865.043,2057.127,2264.154,2475.12,2698.644,2955.953,3119.85,3196.371,3207.151,3272.094,3373.814,3766.721,3823.175,4205.898,4815.314,5341.657,6031.461,6587.775,6442.897,6587.404,6700.114,7389.315,7643.922,8123.048,7274.09,7027.147,7210.026,7030.284,6861.141,6348.855,6510.164,6937.881,7014.153,7152.505,7287.741,7453.539,7631.004,7818,8016.071
Nicaragua,Developing,Emerging,False,False,False,124.0,NI,NIC,,,,,,,,,,,,,,,2191.738,2301.554,2425.482,2498.949,2569.106,2734.133,2852.972,2943.212,2951.03,3023.394,3205.628,3378.203,3589.251,3823.142,3978.532,3803.744,3969.4,4253.623,4346.664,4538.844,4878.746,5240.348,5650.551,5972.546,5843.019,5709.521,5732.171,6571.869,7223.191,7756.483,8136.83,8481.833,8851.947,9238.545,9642.219,10065.546
Honduras,Developing,Emerging,False,False,False,126.0,HN,HND,1388.098,1454.31,1466.674,1491.66,1593.865,1684.543,1757.345,1864.497,1906.736,1978.192,2050.051,1991.457,2100.374,2226.261,2215.158,2334.243,2353.113,2432.983,2477.078,2424.752,2588.705,2647.638,2718.322,2825.832,3007.898,3212.291,3447.775,3676.422,3821.438,3673.334,3779.415,3928.268,4032.581,4142.24,4452.583,4823.389,5146.017,5557.931,5801.924,5951.277,5394.532,6239.426,6825.825,7195.837,7502.884,7784.051,8090.005,8419.63,8759.488,9118.397
Cte d'Ivoire,Developing,Emerging,False,False,True,127.0,CI,CIV,2627.817,2910.657,2981.227,2874.365,2839.171,2921.33,3005.166,2949.9,3060.199,3146.081,3101.538,3084.05,3027.246,2815.309,2796.561,2929.172,3136.545,3256.807,3336.539,3342.9,3254.845,3239.541,3145.092,3075.637,3108.362,3170.363,3225.446,3277.587,3330.447,3363.761,3376.782,3187.895,3430.053,3681.697,4058.212,4354.91,4452.508,4576.89,4771.971,5034.257,4993.695,5436.06,6045.255,6469.107,6859.627,7220.924,7603.11,7990.75,8390.406,8811.815
Ghana,Developing,Emerging,False,False,False,128.0,GH,GHA,1201.338,1235.959,1174.886,1117.608,1184.614,1272.158,1347.364,1439.466,1550.459,1645.701,1727.67,1827.678,1907.021,1996.949,2060.78,2140.339,2228.136,2339.617,2423.776,2506.581,2464.307,2550.775,2643.815,2766.035,2923.738,3127.204,3331.77,3480.08,3780.043,3930.985,4071.829,4622.73,5152.382,5320.541,5595.442,5232.679,5020.641,5148.047,5476.125,5809.757,5799.39,6248.232,6746.216,6971.875,7155.551,7411.41,7726.948,8060.472,8408.56,8773.435
Pakistan,Developing,Emerging,False,False,False,129.0,PK,PAK,941.8,1063.452,1179.666,1272.519,1333.592,1455.707,1537.873,1624.409,1744.273,1852.223,1953.168,2076.775,2226.008,2267.324,2356.097,2464.434,2609.474,2634.194,2690.845,2775.817,2880.044,2979.057,3030.305,3171.778,3423.486,3721.526,3956.122,4168.358,4330.767,4297.813,4341.239,4462.557,4621.587,4720.195,4823.183,4949.514,5048.852,5158.983,5476.594,5629.536,5539.004,6007.509,6693.737,6790.873,6955.122,7182.378,7497.599,7864.388,8249.285,8654.751
Mauritania,Developing,Emerging,False,False,False,130.0,MR,MRT,,,,,,,,,,,2861.403,2878.972,2915.513,3073.36,2958.93,3225.557,3378.993,3206.175,3238.877,3309.31,3159.393,3113.258,3113.786,3299.035,3449.309,3757.369,4729.482,4631.526,4579.76,4493.124,4549.564,4715.713,4754.599,5098.713,4662.137,4585.9,5158.554,5636.414,5906.283,6059.049,5981.663,6164.359,6865.914,7296.944,7679.823,8069.819,8402.534,8843.987,9194.094,9364.904
Samoa,,Emerging,False,False,False,132.0,WS,WSM,,,,,,,,,,,,,,,,,,,2687.816,2696.54,2883.982,3149.875,3360.157,3583.35,3769.601,4119.976,4309.957,4419.625,4633.778,4605.117,4743.381,4986.695,4848.074,4893.873,4982.72,5179.273,5597.522,5728.387,5728.879,5962.824,5924.82,5711.734,5743.248,6316.199,6720.534,6976.771,7198.312,7390.042,7574.3,7764.705
Nigeria,Developing,Emerging,False,False,True,133.0,NG,NGA,,,,,,,,,,,1827.274,1831.41,1866.571,1892.806,1890.456,1917.884,1982.171,2023.546,2045.753,2034.115,2140.707,2276.931,2584.03,2813.142,3109.822,3344.509,3584.721,3848.624,4095.198,4347.339,4766.543,4967.821,5000.032,5225.167,5507.167,5426.346,5234.686,5190.363,5273.159,5341.31,5181.293,5476.719,5903.652,6139.901,6340.033,6482.852,6639.058,6823.982,7015.133,7212.934
Kenya,Developing,Emerging,False,False,False,134.0,KE,KEN,1116.546,1226.525,1320.151,1345.916,1369.841,1423.526,1505.282,1575.091,1671.456,1756.702,1846.022,1874.382,1839.661,1826.829,1859.07,1925.074,1985.829,1975.788,1998.377,2006.275,2003.006,2073.371,2061.306,2103.125,2197.96,2331.516,2478.134,2643.463,2627.058,2658.239,2839.575,2977.165,3107,3405.896,3698.162,4072.47,4352.514,4649.975,4917.903,5123.676,5050.142,5574.156,6145.461,6603.011,6976.134,7349.567,7751.893,8180.37,8632.944,9110.01
Tuvalu,,Emerging,False,False,False,135.0,TV,TUV,,,,,,,,,,,,,,,,,,,,,,,2742.543,2697.91,2683.497,2630.002,2711.374,2939.187,3152.213,2955.256,2880.157,3120.356,3008.275,3184.452,3281.14,3608.11,3800.436,4083.308,4218.34,4863.027,4698.29,4982.922,5349.023,5735.235,6056.33,6291.837,6527.471,6761.111,7001.914,7245.501
Tajikistan,Transition,Emerging,False,False,False,137.0,TJ,TJK,,,,,,,,,,,,,1462.942,1322.538,1055.398,932.734,897.614,914.707,954.971,975.351,1062.625,1176.389,1279.014,1409.066,1567.918,1689.851,1824.927,1977.677,2128.204,2176.285,2294.089,2458.602,2708.847,3004.451,3303.956,2958.106,3089.443,3237.941,3491.103,3736.565,3875.677,4351.095,4938.327,5442.597,5831.886,6098.59,6388.29,6695.158,7019.72,7363.802
Myanmar,Developing,Emerging,False,False,False,138.0,MM,MMR,,,,,,,,,,,,,,,,,,,744.084,806.667,915.103,1040.01,1149.473,1315.919,1547.522,1801.396,2091.353,2401.527,2615.968,2729.378,2887.35,3085.413,3454.362,3829.515,4130.258,4224.239,4141.472,4332.722,4679.907,5042.88,5013.393,4662.677,4763.166,5032.688,5202.559,5373.106,5558.017,5751.753,5954.149,6166.733
Timor-Leste,Developing,Emerging,False,False,False,139.0,TL,TLS,,,,,,,,,,,,,,,,,,,,,1267.478,1485.866,1382.285,1353.414,1369.626,1422.415,1369.559,1512.316,1676.314,1817.292,1969.96,2084.026,2361.182,2490.596,2723.535,2912.473,3141.063,3201.589,3203.935,3837.305,5217.997,5657.482,4734.481,4051.18,3767.078,3900.073,4039.429,4182.081,4330.727,4490.08
Nepal,Developing,Emerging,False,False,False,141.0,NP,NPL,429.332,497.572,535.705,527.69,585.99,627.214,654.272,667.397,728.43,772.251,818.138,876.677,907.728,939.341,1013.132,1045.738,1098.172,1152.338,1176.607,1224.037,1305.806,1387.95,1390.26,1453.513,1543.197,1629.346,1720.794,1814.393,1949.986,2039.919,2153.43,2264.328,2474.084,2656.359,2887.632,2931.62,2925.532,3495.529,3804.509,4079.271,3964.236,4247.258,4720.921,4849.107,5032.425,5294.669,5576.878,5875.528,6191.547,6527.193
Papua New Guinea,Developing,Emerging,False,False,False,142.0,PG,PNG,1073.998,1157.827,1211.706,1273.774,1278.622,1333.423,1407.587,1504.428,1556.337,1527.91,1470.798,1615.941,1743.601,1972.108,2168.425,2081.54,2201.191,2043.827,2109.467,2125.425,2068.109,2061.4,2040.351,2215.263,2234.379,2346.61,2423.197,2622.035,2604.24,2735.61,2891.934,2830.28,2861.53,2957.069,3344.289,3522.763,3674.918,3793.833,3790.848,3944.908,3791.334,2932.189,3233.319,3370.727,3534.354,3653.529,3772.143,3880.27,3993.199,4110.443
Cameroon,Developing,Emerging,False,False,True,143.0,CM,CMR,1262.858,1572.319,1746.591,1887.539,2046.741,2223.352,2357.136,2298.056,2129.545,2109.894,1991.97,1922.606,1850.063,1780.429,1721.741,1766.461,1835.758,1913.085,1974.02,2026.535,2083.784,2144.833,2223.898,2318.238,2469.38,2508.913,2605.403,2710.36,2764.415,2776.826,2814.652,2892.448,2958.693,3129.859,3312.54,3395.629,3527.165,3665.118,3799.302,3893.342,3866.011,4086.367,4419.74,4646.708,4841.573,5024.212,5220.659,5429.035,5650.61,5881.412
Sudan,Developing,Emerging,False,False,True,144.0,SD,SDN,1080.434,1220.804,1311.563,1305.421,1219.447,1216.116,1326.688,1407.994,1491.342,1532.903,1507.069,1618.463,1696.558,1733.151,1780.467,2049.657,2151.219,2273.182,2438.088,2526.438,2737.274,3025.255,3175.173,3349.298,3524.367,3750.298,4014.088,4248.812,4383.286,4179.586,4282.263,5197.992,3929.483,3934.82,4509.179,4438.092,5569.196,4705.146,4568.106,4399.045,4186.502,4288.837,4362.606,3600.557,3442.973,3599.327,3838.727,4078.95,4253.277,4414.819
Senegal,Developing,Emerging,False,False,False,145.0,SN,SEN,1068.869,1196.643,1332.628,1274.061,1330.043,1375.746,1404.263,1481.08,1478.753,1551.046,1552.679,1600.783,1613.152,1624.912,1609.967,1697.898,1717.368,1751.602,1833.52,1925.116,1997.446,2079.865,2062.75,2166.826,2270.549,2381.004,2447.172,2517.125,2590.229,2606.202,2653.528,2669.517,2739.419,2742.421,2830.697,2971.347,3075.937,3203.906,3385.299,3503.261,3501.002,3796.703,4113.596,4319.814,4661.049,5086.859,5304.18,5530.726,5775.198,5959.195
Benin,Developing,Emerging,False,False,False,146.0,BJ,BEN,955.191,1030.008,1078.901,1064.121,1073.138,1117.996,1135.485,1105.195,1146.241,1124.035,1231.819,1287.271,1314.634,1362.33,1367.48,1450.401,1501.744,1568.924,1600.013,1642.381,1724.76,1802.524,1858.89,1902.64,1979.522,2011.629,2090.492,2211.157,2295.439,2294.62,2303.014,2350.356,2427.433,2590.925,2745.859,2792.61,2901.265,2933.837,3109.811,3282.943,3357.959,3660.783,4048.621,4315.197,4557.893,4782.871,5023.436,5280.143,5548.421,5828.315
Zambia,Developing,Emerging,False,False,False,147.0,ZM,ZMB,1406.282,1589.128,1587.226,1580.895,1561.783,1583.161,1594.615,1610.253,1768.234,1717.69,1717.662,1711.513,1734.725,1724.459,1481.755,1519.026,1602.814,1649.802,1619.483,1674.325,1730.442,1808.479,1861.562,1968.396,2095.777,2242.368,2409.482,2588.384,2743.595,2909.748,3136.767,3267.408,3357.738,3506.39,3463.41,3352.526,3322.58,3395.477,3504.438,3507.524,3354.979,3623.174,3970.827,4178.528,4361.293,4530.662,4710.649,4906.725,5115.275,5333.272
Comoros,Developing,Emerging,False,False,False,149.0,KM,COM,912.28,1027.5,1108.289,1160.048,1239.662,1275,1287.65,1306.366,1376.915,1374.027,1488.296,1491.755,1603.423,1647.543,1581.613,1670.114,1656.486,1722.529,1705.802,1739.995,1725.452,1821.557,1894.89,1929.291,1993.792,2121.582,2093.989,2113.72,2183.075,2209.702,2261.17,2341.013,2510.017,2628.368,2700.604,2684.323,2826.352,2980.06,3075.646,3098.434,3051.163,3169.651,3356.927,3455.666,3531.874,3602.05,3688.254,3781.896,3871.201,3944.082
Haiti,Developing,Emerging,False,False,False,151.0,HT,HTI,1685.683,1831.546,1857.013,1867.223,1904.205,1944.218,1953.509,1957.896,2014.352,2028.352,2052.795,2109.892,2068.901,1973.042,1743.625,1919.521,1998.005,2049.269,2079.451,2127.95,2157.547,2162.38,2183.783,2268.365,2262.7,2367.102,2443.002,2584.357,2659.942,2787.923,2619.574,2765.212,2719.388,2902.474,2911.207,2841.174,3017.761,3079.714,3156.003,3109.617,3002.49,3041.501,3158.562,3170.197,3107.617,3167.43,3232.222,3298.459,3366.12,3435.856
Vanuatu,,Emerging,False,False,False,152.0,VU,VUT,944.077,1042.358,1091.98,1141.062,1255.608,1259.82,1246.346,1222.673,1210.014,1267.999,1449.465,1514.941,1558.546,1576.52,1678.871,1687.423,1713.77,1782.519,1777.534,1763.515,1867.62,1803.56,1697.57,1764.005,1841.32,1954.846,2136.489,2206.72,2321.81,2356.171,2357.332,2425.718,2439.723,2436.705,2499.427,2474.944,2578.543,2727.789,2806.656,2880.024,2680.47,2668.366,2814.449,2882.794,2939.175,2993.548,3040.704,3084.775,3114.656,3145.457
Guinea,Developing,Emerging,False,False,False,153.0,GN,GIN,,,,,,,,,,,930.583,934.602,931.114,944.915,953.219,976.747,1005.945,1050.144,1079.726,1117.755,1152.233,1200.791,1261.109,1279.595,1319.656,1373.037,1417.757,1512.703,1564.03,1508.734,1550.111,1628.172,1615.263,1679.881,1670.741,1684.808,1928.285,2249.556,2387.71,2501.616,2589.164,2789.318,3028.585,3236.969,3365.935,3528.906,3709.537,3892.883,4088.08,4293.834
Tanzania,Developing,Emerging,False,False,False,154.0,TZ,TZA,580.105,618.726,640.707,660.958,686.916,718.895,758.542,799.016,838.066,876.587,942.867,962.392,956.854,958.429,962.97,988.846,1025.208,1053.75,1080.747,1122.441,1175.126,1240.812,1314.098,1392.784,1499.208,1613.951,1692.905,1833.433,1918.52,1976.639,2066.814,2210.068,2099.43,2194.768,2243.354,2348.069,2478.806,2527.759,2686.151,2834.936,2915.734,3104.438,3377.875,3570.443,3746.128,3923.943,4126.7,4348.187,4581.657,4828.865
Ethiopia,Developing,Emerging,False,False,False,155.0,ET,ETH,323.517,345.786,360.396,391.515,383.682,339.476,367.877,415.729,419.121,419.595,431.992,400.566,360.71,404.743,414.057,434.813,487.956,496.119,467.637,490.676,536.626,574.38,577.62,562.041,628.344,711.21,796.739,884.617,969.726,1046.079,1141.35,1267.527,1360.739,1443.802,1706.749,1875.635,2134.337,2302.935,2481.352,2691.816,2831.637,3079.063,3431.899,3753.622,4019.496,4287.299,4586.988,4912.369,5270.524,5657.368
Rwanda,Developing,Emerging,False,False,False,156.0,RW,RWA,413.458,447.295,446.52,474.07,541.74,564.266,587.079,579.643,581.383,550.962,560.739,538.229,586.438,573.264,367.094,494.292,568.116,634.263,636.78,602.106,649.973,702.753,787.752,801.342,853.253,940.342,1035.086,1119.93,1228.76,1286.613,1355.752,1464.656,1498.972,1554.989,1721.221,1822.528,1905.415,2003.901,2173.235,2363.367,2260.888,2562.583,2901.693,3156.297,3367.196,3587.059,3837.763,4104.887,4406.798,4734.317
Lesotho,Developing,Emerging,False,False,False,157.0,LS,LSO,460.825,506.565,553.5,577.801,638.932,663.006,684.706,688.269,748.221,801.039,860.317,943.426,984.497,1023.175,1076.813,1088.494,1170.648,1228.824,1258.23,1293.393,1373.921,1450.048,1507.046,1600.801,1676.566,1785.279,1916.169,2037.012,2139.877,2146.377,2267.952,2415.582,2454.056,2748.731,2992.192,3204.312,3082.803,2831.961,2833.965,2774.685,2644.407,2779.008,2986.103,3115.311,3227.215,3326.593,3429.87,3525.823,3624.195,3725.307
Uganda,Developing,Emerging,False,False,False,158.0,UG,UGA,525.485,579.719,646.319,683.231,665.104,643.599,639.807,657.52,710.439,757.287,807.276,820.279,860.157,908.498,967.447,1045.045,1097.85,1131.948,1177.484,1248.664,1284.289,1383.505,1455.635,1520.957,1596.923,1752.875,1870.259,2006.083,2181.175,2293.715,2415.892,2569.511,2372.961,2395.126,2440.641,2443.589,2337.09,2383.105,2497.256,2664.148,2577.93,2761.1,3035.248,3184.664,3344.77,3520.821,3697.569,3858.935,4043.743,4280.697
Solomon Islands,,Emerging,False,False,False,159.0,SB,SLB,967.062,1005.209,1015.317,1061.182,1067.29,1034.664,1022.969,1104.758,1126.199,1186.888,1223.706,1303.746,1460.807,1511.74,1622.391,1772.741,1783.424,1748.014,1741.437,1709.842,1458.709,1336.336,1284.311,1358.956,1451.097,1541.098,1627.381,1706.535,1799.324,1814.35,1946.714,2077.494,2089.003,2176.082,2180.139,2177.75,2259.503,2308.901,2364.082,2383.85,2275.669,2381.69,2547.176,2651.824,2712.614,2761.494,2817.038,2882.201,2949.569,3019.76
Togo,Developing,Emerging,False,False,False,160.0,TG,TGO,982.894,1005.402,991.619,945.03,1002.849,1039.486,1062.241,1029.915,1139.314,1196.434,1276.327,1274.145,1225.758,1057.201,1225.912,1432.625,1349.921,1379.901,1324.679,1338.03,1317.16,1321.604,1357.633,1439.46,1425.749,1365.862,1405.279,1419.5,1462.915,1509.485,1574.645,1656.162,1677.296,1739.132,1818.042,1884.967,1928.141,1970.215,2061.1,2146.47,2165.384,2343.635,2591.693,2764.319,2910.597,3045.229,3195.924,3354.198,3520.38,3695.535
Burkina Faso,Developing,Emerging,False,False,False,161.0,BF,BFA,363.919,399.446,419.667,420.147,431.099,482.389,516.45,513.778,547.867,566.457,569.008,625.598,625.743,646.479,652.316,686.244,756.21,797.117,841.529,889.614,899.696,951.42,977.733,1041.974,1083.375,1176.494,1248.997,1295.681,1356.709,1364.906,1454.785,1536.809,1568.067,1629.318,1637.928,1657.916,1833.356,1977.062,2097.048,2189.232,2199.039,2392.268,2535.124,2646.793,2780.669,2911.895,3029.341,3149.925,3276.258,3409.303
Zimbabwe,Developing,Emerging,False,False,False,162.0,ZW,ZWE,,,,,,,,,,,,,,,,,,,2440.834,2454.559,2410.334,2459.732,2311.654,1973.423,1884.845,1784.624,1747.648,1729.633,1465.451,1569.301,1884.072,2174.895,2385.894,2545.906,2576.737,2643.158,2668.326,2383.019,2523.374,2361.385,2165.154,2407.172,2687.46,2870.35,2975.281,3067.586,3166.133,3265.061,3365.02,3466.939
Mali,Developing,Emerging,False,False,False,163.0,ML,MLI,520.834,532.634,489.561,513.965,534.112,557.921,593.248,612.746,624.153,705.162,784.384,856.068,844.626,876.98,910.107,936.848,1002.164,1044.893,1060.806,1111.96,1103.886,1263.544,1282.213,1381.733,1394.709,1482.617,1547.58,1591.606,1644.78,1676.869,1731.921,1766.843,1706.679,1753.88,1847.964,1957.014,2103.011,2153.805,2235.601,2308.129,2237.448,2336.097,2506.673,2630.411,2714.175,2796.27,2895.305,2997.985,3104.387,3215.174
Kiribati,,Emerging,False,False,False,165.0,KI,KIR,932.98,1062.657,1068.748,1025.938,1187.321,1031.784,1001.413,1013.98,1249.718,1174.461,1112.609,1069.959,1337.418,1348.413,1385.551,1433.035,1434.118,1451.323,1507.182,1444.107,1550.015,1507.433,1525.039,1503.075,1506.458,1545.43,1649.203,1708.426,1653.354,1636.832,1641.291,1706.999,1815.416,1962.802,1995.537,2211.373,2352.164,2444.097,2545.46,2629.681,2606.815,2911.103,3185.679,3387.566,3613.66,3771.017,3906.215,4015.363,4113.775,4215.297
Guinea-Bissau,Developing,Emerging,False,False,False,166.0,GW,GNB,561.783,599.29,649.41,638.487,683.561,720.372,712.563,756.364,782.75,820.675,872.71,946.642,976.032,999.293,1027.759,1067.628,1103.491,1164.226,893.566,1036.145,1048.694,1100.052,1133.733,1128.672,1147.953,1234.906,1279.109,1318.512,1374.172,1384.969,1469.24,1585.903,1512.939,1530.465,1575.757,1873.62,1976.07,2253.422,2340.261,2433.096,2448.34,2665.828,2908.702,3075.872,3238.593,3389.826,3553.81,3725.8,3889.151,4062.043
Sierra Leone,Developing,Emerging,False,False,False,167.0,SL,SLE,782.77,852.015,901.864,901.268,944.258,890.694,889.944,913.75,945.224,1007.202,1045.672,988.029,913.263,939.47,997.536,917.588,701.365,584.85,580.29,530.902,548.577,639.217,785.704,836.313,876.224,909.01,945.861,1021.661,1071.809,1088.104,1134.371,1203.173,1405.478,1746.554,1787.656,1599.215,1678.271,1633.73,1692.502,1773.533,1725.404,1840.659,1997.227,2097.041,2188.541,2280.824,2379.764,2482.101,2589.222,2702.586
Madagascar,Developing,Emerging,False,False,False,168.0,MG,MDG,1021.741,982.475,996.655,1017.729,1045.015,1062.064,1075.852,1086.351,1132.625,1193.029,1243.088,1172.662,1181.875,1203.142,1192.425,1201.688,1213.524,1242.64,1267.673,1306.693,1355.062,1425.525,1230.997,1337.86,1403.802,1472.361,1552.959,1636.849,1728.351,1621.027,1602.649,1612.983,1591.174,1591.885,1608.704,1595.078,1652.184,1624.661,1665.737,1711.688,1562.495,1676.541,1815.884,1900.754,1979.173,2049.752,2127.396,2205.953,2285.268,2367.91
Malawi,Developing,Emerging,False,False,False,169.0,MW,MWI,502.473,506.886,537.823,563.787,594.547,613.654,591.42,579.318,582.57,582.955,615.544,675.984,633.019,706.65,642.934,737.866,810.333,857.233,852.326,870.988,875.576,839.807,836.05,881.578,933.941,975.065,1023.295,1120.247,1195.393,1266.459,1331.616,1385.168,1347.724,1444.805,1405.803,1332.538,1347.139,1357.06,1408.544,1467.939,1458.881,1550.787,1626.413,1664.726,1711.837,1757.613,1815.455,1878.865,1946.389,2016.744
Liberia,Developing,Emerging,False,False,False,170.0,LR,LBR,,,,,,,,,,,,,,,,,,,,,909.542,921.382,954.226,679.444,711.773,757.281,818.597,914.409,948.908,965.269,1002.469,1067.375,1153.931,1329.368,1358.242,1257.511,1369.793,1531.993,1548.03,1497.742,1437.271,1541.317,1688.46,1787.422,1882.432,1988.49,2103.134,2226.161,2375.815,2513.232
Chad,Developing,Emerging,False,False,True,171.0,TD,TCD,549.939,525.469,574.814,674.538,717.034,776.529,815.13,839.311,904.911,928.149,962.167,1063.612,1078.888,1047.413,1092.417,1070.508,1076.197,1117.72,1167.385,1134.432,1108.345,1218.411,1291.631,1453.86,1921.071,2068.993,2093.857,2159.595,2215.358,2219.077,2399.668,2398.485,2262.006,2049.502,2190.404,2411.077,2209.394,2118.419,2225.912,2341.328,2255.782,2270.073,2432.845,2557.246,2619.766,2687.322,2737.887,2786.182,2838.377,2891.699
Niger,Developing,Emerging,False,False,False,172.0,NE,NER,703.2,743.039,779.077,752.15,626.819,674.182,708.435,704.104,755.1,767.973,762.112,759.441,766.213,760.52,764.478,772.75,760.726,758.516,814.16,794.885,774.602,819.267,841.522,845.121,839.269,895.078,941.52,960.653,1015.76,1003.131,1060.87,1066.129,1156.135,1125.268,1138.765,1145.241,1148.283,1163.226,1225.571,1273.444,1286.613,1314.258,1516.743,1536.31,1674.659,1743.006,1813.729,1886.333,1964.702,2047.601
Mozambique,Developing,Emerging,False,False,False,173.0,MZ,MOZ,214.689,240.892,232.723,199.772,190.521,196.516,195.186,229.825,258.013,284.49,293.925,315.498,287.915,314.13,328.316,330.481,361.389,400.108,435.491,481.522,483.098,541.859,586.043,621.955,670.968,714.745,787.29,846.648,897.336,930.579,977.611,1039.975,1056.885,1099.287,1155.906,1312.154,1378.761,1288.084,1327.6,1341.874,1304.562,1357.674,1475.572,1576.935,1648.555,1713.06,1765.496,1980.717,2202.46,2371.627
Central African Republic,Developing,Emerging,False,False,False,175.0,CF,CAF,441.223,529.488,528.795,503.99,560.486,583.831,617.175,619.432,639.582,676.199,696.13,697.929,662.853,654.484,734.752,756.174,706.514,731.937,748.836,765.732,740.762,763.412,778.21,763.087,769.99,803.523,852.357,894.151,917.717,931.285,967.285,1012.657,1102.13,738.466,720.351,787.043,851.014,912.808,954.841,983.062,987.903,1024.268,1080.264,1105.305,1122.641,1137.929,1156.803,1178.046,1202.093,1229.754
Burundi,Developing,Emerging,False,False,False,176.0,BI,BDI,313.745,374.235,381.979,399.964,403.227,451.759,462.285,485.579,512.964,524.891,547.327,581.511,584.125,561.65,542.28,500.426,460.346,462.623,481.498,479.607,484.668,489.157,493.639,503.786,521.181,558.46,589.174,607.791,628.866,635.885,655.613,675.193,684.554,734.995,772.157,838.038,793.743,770.707,777.723,781.891,771.719,808.037,855.078,883.314,915.879,953.304,999.984,1048.578,1094.637,1137.343
Afghanistan,,Emerging,False,False,False,177.0,AF,AFG,,,,,,,,,,,,,,,,,,,,,,,1051.063,1118.949,1113.278,1240.52,1306.832,1464.962,1512.382,1788.413,1908.458,2010.827,2317.687,2385.706,2516.011,2534.919,2400.615,2515.553,2447.224,2537.455,2454.073,2144.052,2116.334,,,,,,,
Turkmenistan,Transition,Emerging,False,False,True,177.0,TM,TKM,,,,,,,,,,,,,4231.339,3859.49,3177.498,2944.044,2744.861,2437.662,2594.733,3028.308,3630.11,4419.289,5140.954,6075.453,7081.025,8166.808,9237.358,10413.842,12032.908,12691.142,14657.842,16562.299,16628.226,15954.615,16815.943,16588.168,15855.181,16585.413,16985.353,16385.054,16010.957,16447.916,18285.45,19069.183,19728.792,20288.458,20902.506,21543.739,22212.741,22915.402
Aruba,,Emerging,False,False,False,,AW,ABW,,,,,,,12182.484,14656.241,17899.609,20429.117,21196.804,22794.476,23844.78,24529.259,25743.018,26194.78,25963.173,27190.217,27361.101,27749.797,30245.881,31920.338,31888.527,32506.911,35059.077,35099.045,35937.632,37768.982,38905.155,34339.749,33729.368,35324.146,34120.732,35954.193,35735.553,36078.41,36250.021,37690.202,39409.201,39042.223,30241.364,40701.961,48299.245,52796.321,54715.703,56308.792,58090.135,59946.867,61885.503,63899.62
Bhutan,,Emerging,False,False,False,,BT,BTN,536.479,649.732,727.543,793.264,863.155,903.42,964.08,1147.519,1324.816,1426.18,1596.09,1734.1,1834.567,1971.609,2086.804,2272.101,2432.738,2571.788,2689.845,2841.407,3024.62,3213.581,3472.459,3793.17,4072.04,4375.828,4708.674,5303.639,5867.88,6189.873,6800.167,7542.766,8282.34,8598.191,9084.413,9947.678,10821.146,11565.771,12180.549,12906.922,12631.734,12653.197,14061.362,15104.246,15977.935,16903.777,17940.587,18750.131,19659.484,20857.514
Djibouti,Developing,Emerging,False,False,False,,DJ,DJI,,,,,,,,,,,2836.893,2726.187,2766.568,2626.197,2629.386,2558.095,2456.029,2403.739,2363.404,2398.069,2409.292,2454.883,2525.675,2613.202,2715.278,2844.602,3030.074,3224.053,3430.498,3458.894,3592.434,3871.839,3961.137,4107.202,4300.574,4563.377,4695.101,4904.977,5175.623,5470.82,5533.929,5963.717,6540.338,7156.677,7706.968,8211.438,8721.937,9267.583,9851.53,10474.367
Eritrea,Developing,Emerging,False,False,False,,ER,ERI,,,,,,,,,,,,,750.243,874.319,1090.01,1145.964,1278.194,1403.593,1440.051,1442.88,1262.23,1354.599,1356.453,1284.379,1279.521,1302.384,1288.074,1306.477,1049.712,1163.176,1284.496,1625.492,1669.213,1506.534,1991.679,1589.081,1700.785,1537.449,1757.029,1831.711,,,,,,,,,,
Lebanon,Developing,Emerging,False,False,False,,LB,LBN,6345.088,6969.129,4656.218,5901.317,8780.386,11199.968,10616.035,12665.359,9354.616,5533.386,4834.213,6626.328,6726.43,6981.996,7347.805,7705.855,7977.77,8825.538,9184.709,9106.408,9182.339,9392.956,9412.312,9302.698,9862.519,9960.944,10293.561,11538.549,12834.246,14092.152,14965.373,14669.381,14813.06,14967.499,15017.443,15064.644,15462.429,15953.625,15918.025,15074.131,11366.494,10858.851,11783.681,,,,,,,
Nauru,,Emerging,False,False,False,,NR,NRU,,,,,,,,,,,,,,,,,,,,,,,,,3127.401,2981.183,2988.562,2959.228,5245.151,4896.165,4770.264,5466.684,6957.483,7026.417,7645.975,7580.587,7681.721,7178.985,7461.966,8619.523,8735.843,9607.123,10372.953,10607.73,10823.095,10945.453,11069.789,11165.881,11265.564,11353.221
Palau,,Emerging,False,False,False,,PW,PLW,,,,,,,,,,,,,,,,,,,,,8534.817,9161.323,9696.505,9477.824,10048.986,10616.232,11050.222,11675.203,11489.463,10974.704,11190.442,12118.748,12895.02,12971.206,13822.148,15021.235,15378.712,15080.289,15608.872,16047.651,15240.411,13768.079,14442.335,15089.435,17381.065,19795.876,20900.383,21743.796,22518.469,23347.621
Puerto Rico,Developed,Advanced,False,False,False,,PR,PRI,6926.362,7600.055,7756.972,8026.633,8842.818,9221.435,10074.403,10720.651,11695.703,12615.013,13445.624,14128.721,15007.93,15963.411,16861.3,17859.293,18457.86,19528.214,20852.929,21882.748,22938.036,25620.191,26548.807,27689.388,28992.986,29350.274,29955.509,30588.074,30782.397,30533.613,30933.166,31824.12,32582.631,33172.653,33682.717,34006.721,34300.2,34627.223,34933.428,36116.308,35512.59,36820.035,40676.264,42074.232,43218.932,44202.351,45397.529,47277.531,48800.651,50382.923
San Marino,,Advanced,False,False,False,,SM,SMR,,,,,,,,,,,,,,,,,,,,,,,,,62457.906,65223.147,68925.445,74863.809,75049.068,67001.716,63068.562,58183.641,54797.229,53898.349,55875.218,56137.697,58102.788,59522.01,61472.459,63447.517,59599.426,70983.341,79564.744,84107.22,86988.999,89406.122,91999.353,94671.222,97422.636,100274.079
Somalia,Developing,Emerging,False,False,False,,SO,SOM,,,,,,,,,,,,,,,,,,,,,,,,,,,,,,,,,1230.512,1116.2,1280.88,1489.539,1627.313,1703.055,1745.356,1788.927,1718.048,1805.694,1925.93,1996.133,2062.174,2121.008,2186.208,2255.661,2331.838,2415.693
Syria,Developing,Emerging,False,False,False,,SY,SYR,2072.834,2378.938,2507.588,2562.195,2402.177,2570.925,2417.881,2426.469,2739.199,2587.213,2863.504,3182.508,3581.75,3830.209,4019.565,4216.895,4314.283,4238.804,4418.468,4236.195,4318.787,4457.101,4662.01,4523.967,4816.097,5107.609,5396.814,5715.679,5939.128,6175.748,6374.969,,,,,,,,,,,,,,,,,,,
Venezuela,Developing,Emerging,False,False,True,,VE,VEN,7947.685,8332.368,8819.177,8034.492,8520.131,8625.214,9222.009,9661.757,10393.414,9075.794,9700.557,10745.459,11388.368,11427.619,11146.894,11575.821,11516.704,12210.037,12140.77,11350.44,11640.053,12103.331,11021.09,10201.204,12195.554,13659.605,15232.895,16756.514,17710.636,16993.128,16695.002,17493.729,18551.879,18850.906,18176.005,16970.969,14169.523,12271.362,10622.181,8117.036,5729.831,6132.464,7265.562,7942.862,8485.876,8822.116,,,,
Yemen,Developing,Emerging,False,False,True,,YE,YEM,,,,,,,,,,,1844.576,1950.837,2078.345,2130.533,2236.809,2326.604,2398.417,2492.816,2595.445,2655.074,2802.584,2893.504,2973.178,3063.333,3184.979,3377.201,3488.562,3591.461,3681.822,3734.902,3953.451,3420.688,3305.73,3486.989,3441.784,2432.687,2167.421,2040.665,2050.514,2077.389,1880.014,1903.982,2026.309,2012.947,1996.475,2016.872,2151.659,2285.567,2417.584,2546.577
Andorra,,Advanced,False,False,True,,AD,AND,,,,,,,,,,,,,,,,,,,,,,,,,,,,,,,50894.764,52326.275,51193.13,50929.548,52686.154,52747.885,55695.334,56352.197,57495.778,58588.585,52404.246,58214.518,66555.321,67638.329,69146.025,70033.183,71015.82,72014.847,73029.388,74073.044
